article_id,publication_year,journal_name,title,classification,classification_note,matched_rules,baseline_or_bau_signal,stress_case_signal,high_emissions_signal,projection_signal,default_future_signal,core_terms,manual_review_status,manual_review_notes
https://openalex.org/W1997065014,2011,Climatic Change,RCP 8.5—A scenario of comparatively high greenhouse gas emissions,high_emissions_clear,Explicitly frames RCP8.5 as high-emissions or high-concentration.,high_emissions_signal;projection_signal,False,False,True,True,False,radiative_forcing;rcp85;representative_concentration_pathway,not_reviewed,
https://openalex.org/W2171984413,2011,Climatic Change,The RCP greenhouse gas concentrations and their extensions from 1765 to 2300,ambiguous_projection,"Uses scenario/projection/model language but does not clearly state baseline, stress-case, high-emissions, or default-future framing in title/abstract.",projection_signal;default_future_signal,False,False,False,True,True,radiative_forcing;rcp85;representative_concentration_pathway,not_reviewed,
https://openalex.org/W2078529209,2012,Climatic Change,Climate change hotspots in the CMIP5 global climate model ensemble,ambiguous_projection,"Uses scenario/projection/model language but does not clearly state baseline, stress-case, high-emissions, or default-future framing in title/abstract.",projection_signal,False,False,False,True,False,rcp85,not_reviewed,
https://openalex.org/W2116898223,2013,Climatic Change,Expert assessment of vulnerability of permafrost carbon to climate change,ambiguous_projection,"Uses scenario/projection/model language but does not clearly state baseline, stress-case, high-emissions, or default-future framing in title/abstract.",projection_signal;default_future_signal,False,False,False,True,True,rcp85,not_reviewed,
https://openalex.org/W2099866373,2013,Climatic Change,The global-scale impacts of climate change on water resources and flooding under new climate and socio-economic scenarios,ambiguous_projection,"Uses scenario/projection/model language but does not clearly state baseline, stress-case, high-emissions, or default-future framing in title/abstract.",projection_signal;default_future_signal,False,False,False,True,True,rcp85;representative_concentration_pathway,not_reviewed,
https://openalex.org/W2167951186,2013,Environmental Research Letters,Future changes in atmospheric rivers and their implications for winter flooding in Britain,high_emissions_clear,Explicitly frames RCP8.5 as high-emissions or high-concentration.,high_emissions_signal;projection_signal;default_future_signal,False,False,True,True,True,radiative_forcing;rcp85,not_reviewed,
https://openalex.org/W2123626997,2013,Environmental Research Letters,Impact of climate change on renewable groundwater resources: assessing the benefits of avoided greenhouse gas emissions using selected CMIP5 climate projections,ambiguous_projection,"Uses scenario/projection/model language but does not clearly state baseline, stress-case, high-emissions, or default-future framing in title/abstract.",projection_signal,False,False,False,True,False,rcp85,not_reviewed,
https://openalex.org/W1965663041,2013,Environmental Research Letters,Risks to coral reefs from ocean carbonate chemistry changes in recent earth system model projections,baseline_or_bau,"Explicitly frames RCP8.5 as business-as-usual, baseline, reference, no-policy, or comparable default/reference case.",baseline_or_bau_signal;projection_signal,True,False,False,True,False,rcp85,not_reviewed,
https://openalex.org/W2168515722,2013,Regional Environmental Change,EURO-CORDEX: new high-resolution climate change projections for European impact research,ambiguous_projection,"Uses scenario/projection/model language but does not clearly state baseline, stress-case, high-emissions, or default-future framing in title/abstract.",projection_signal,False,False,False,True,False,rcp85,not_reviewed,
https://openalex.org/W2075316412,2014,Climatic Change,Future changes of the terrestrial ecosystem based on a dynamic vegetation model driven with RCP8.5 climate projections from 19 GCMs,ambiguous_projection,"Uses scenario/projection/model language but does not clearly state baseline, stress-case, high-emissions, or default-future framing in title/abstract.",projection_signal,False,False,False,True,False,rcp85,not_reviewed,
https://openalex.org/W2061137851,2014,Environmental Research Letters,Are climate model simulations useful for forecasting precipitation trends? Hindcast and synthetic-data experiments,ambiguous_projection,"Uses scenario/projection/model language but does not clearly state baseline, stress-case, high-emissions, or default-future framing in title/abstract.",projection_signal,False,False,False,True,False,rcp85,not_reviewed,
https://openalex.org/W2048089440,2014,Environmental Research Letters,Assessment of CMIP5 climate models and projected temperature changes over Northern Eurasia,ambiguous_projection,"Uses scenario/projection/model language but does not clearly state baseline, stress-case, high-emissions, or default-future framing in title/abstract.",projection_signal;default_future_signal,False,False,False,True,True,rcp85,not_reviewed,
https://openalex.org/W2160521142,2014,Environmental Research Letters,Global assessment of agreement among streamflow projections using CMIP5 model outputs,high_emissions_clear,Explicitly frames RCP8.5 as high-emissions or high-concentration.,high_emissions_signal;projection_signal,False,False,True,True,False,rcp85;representative_concentration_pathway,not_reviewed,
https://openalex.org/W2105117295,2014,Environmental Research Letters,Global crop yield response to extreme heat stress under multiple climate change futures,ambiguous_projection,"Uses scenario/projection/model language but does not clearly state baseline, stress-case, high-emissions, or default-future framing in title/abstract.",projection_signal,False,False,False,True,False,rcp85,not_reviewed,
https://openalex.org/W2008008346,2014,Environmental Research Letters,Impacts of climate extremes on gross primary production under global warming,ambiguous_projection,"Uses scenario/projection/model language but does not clearly state baseline, stress-case, high-emissions, or default-future framing in title/abstract.",projection_signal;default_future_signal,False,False,False,True,True,rcp85,not_reviewed,
https://openalex.org/W2106868533,2014,Environmental Research Letters,Influence of projected Arctic sea ice loss on polar stratospheric ozone and circulation in spring,ambiguous_projection,"Uses scenario/projection/model language but does not clearly state baseline, stress-case, high-emissions, or default-future framing in title/abstract.",projection_signal;default_future_signal,False,False,False,True,True,rcp85,not_reviewed,
https://openalex.org/W2057048037,2014,Environmental Research Letters,Sensitivity of ocean acidification and oxygen to the uncertainty in climate change,ambiguous_projection,"Uses scenario/projection/model language but does not clearly state baseline, stress-case, high-emissions, or default-future framing in title/abstract.",projection_signal;default_future_signal,False,False,False,True,True,rcp85,not_reviewed,
https://openalex.org/W2118420853,2014,Environmental Research Letters,Todayʼs virtual water consumption and trade under future water scarcity,ambiguous_projection,"Uses scenario/projection/model language but does not clearly state baseline, stress-case, high-emissions, or default-future framing in title/abstract.",projection_signal;default_future_signal,False,False,False,True,True,rcp85,not_reviewed,
https://openalex.org/W2145360866,2014,Environmental Research Letters,Upper limit for sea level projections by 2100,ambiguous_projection,"Uses scenario/projection/model language but does not clearly state baseline, stress-case, high-emissions, or default-future framing in title/abstract.",projection_signal;default_future_signal,False,False,False,True,True,rcp85,not_reviewed,
https://openalex.org/W2571536115,2014,Weather Climate and Society,Climate Change and the Impact of Extreme Temperatures on Aviation,ambiguous_projection,"Uses scenario/projection/model language but does not clearly state baseline, stress-case, high-emissions, or default-future framing in title/abstract.",projection_signal;default_future_signal,False,False,False,True,True,rcp85,not_reviewed,
https://openalex.org/W2128351874,2015,Climatic Change,Avoided climate impacts of urban and rural heat and cold waves over the U.S. using large climate model ensembles for RCP8.5 and RCP4.5,ambiguous_projection,"Uses scenario/projection/model language but does not clearly state baseline, stress-case, high-emissions, or default-future framing in title/abstract.",projection_signal,False,False,False,True,False,rcp85,not_reviewed,
https://openalex.org/W2100221950,2015,Climatic Change,Climate change implications in the northern coastal temperate rainforest of North America,ambiguous_projection,"Uses scenario/projection/model language but does not clearly state baseline, stress-case, high-emissions, or default-future framing in title/abstract.",projection_signal;default_future_signal,False,False,False,True,True,rcp85;representative_concentration_pathway,not_reviewed,
https://openalex.org/W1878315744,2015,Earth s Future,High‐resolution dynamically downscaled projections of precipitation in the mid and late 21st century over North America,ambiguous_projection,"Uses scenario/projection/model language but does not clearly state baseline, stress-case, high-emissions, or default-future framing in title/abstract.",projection_signal;default_future_signal,False,False,False,True,True,rcp85;representative_concentration_pathway,not_reviewed,
https://openalex.org/W2197426589,2015,Environmental Research Letters,Additional contributions to CMIP5 regional sea level projections resulting from Greenland and Antarctic ice mass loss,ambiguous_projection,"Uses scenario/projection/model language but does not clearly state baseline, stress-case, high-emissions, or default-future framing in title/abstract.",projection_signal,False,False,False,True,False,rcp85,not_reviewed,
https://openalex.org/W1630534919,2015,Environmental Research Letters,Climate change impacts on agriculture in 2050 under a range of plausible socioeconomic and emissions scenarios,high_emissions_clear,Explicitly frames RCP8.5 as high-emissions or high-concentration.,high_emissions_signal;projection_signal,False,False,True,True,False,rcp85,not_reviewed,
https://openalex.org/W2214561653,2015,Environmental Research Letters,Facing unprecedented drying of the Central Andes? Precipitation variability over the period AD 1000–2100,ambiguous_projection,"Uses scenario/projection/model language but does not clearly state baseline, stress-case, high-emissions, or default-future framing in title/abstract.",projection_signal,False,False,False,True,False,rcp85,not_reviewed,
https://openalex.org/W2099536556,2015,Environmental Research Letters,Importance of vegetation dynamics for future terrestrial carbon cycling,ambiguous_projection,"Uses scenario/projection/model language but does not clearly state baseline, stress-case, high-emissions, or default-future framing in title/abstract.",projection_signal;default_future_signal,False,False,False,True,True,radiative_forcing;rcp85,not_reviewed,
https://openalex.org/W2109996743,2015,Environmental Research Letters,Net exchanges of methane and carbon dioxide on the Qinghai-Tibetan Plateau from 1979 to 2100,ambiguous_projection,"Uses scenario/projection/model language but does not clearly state baseline, stress-case, high-emissions, or default-future framing in title/abstract.",projection_signal;default_future_signal,False,False,False,True,True,radiative_forcing;rcp85;representative_concentration_pathway,not_reviewed,
https://openalex.org/W2104552954,2015,Environmental Research Letters,Nitrogen and phosphorous limitation reduces the effects of land use change on land carbon uptake or emission,ambiguous_projection,"Uses scenario/projection/model language but does not clearly state baseline, stress-case, high-emissions, or default-future framing in title/abstract.",projection_signal,False,False,False,True,False,rcp85;representative_concentration_pathway,not_reviewed,
https://openalex.org/W2007587277,2015,Environmental Research Letters,On the evaluation of climate model simulated precipitation extremes,high_emissions_clear,Explicitly frames RCP8.5 as high-emissions or high-concentration.,high_emissions_signal;projection_signal,False,False,True,True,False,rcp85,not_reviewed,
https://openalex.org/W1605434787,2015,Environmental Research Letters,Potential increasing dominance of heterotrophy in the global ocean,ambiguous_projection,"Uses scenario/projection/model language but does not clearly state baseline, stress-case, high-emissions, or default-future framing in title/abstract.",projection_signal,False,False,False,True,False,rcp85;representative_concentration_pathway,not_reviewed,
https://openalex.org/W1474445628,2015,Environmental Research Letters,Rate and velocity of climate change caused by cumulative carbon emissions,ambiguous_projection,"Uses scenario/projection/model language but does not clearly state baseline, stress-case, high-emissions, or default-future framing in title/abstract.",projection_signal;default_future_signal,False,False,False,True,True,rcp85,not_reviewed,
https://openalex.org/W2180019902,2015,Environmental Research Letters,Sensitivity of carbon budgets to permafrost carbon feedbacks and non-CO <sub>2</sub> forcings,ambiguous_projection,"Uses scenario/projection/model language but does not clearly state baseline, stress-case, high-emissions, or default-future framing in title/abstract.",projection_signal,False,False,False,True,False,rcp85,not_reviewed,
https://openalex.org/W2037372434,2015,Environmental Research Letters,The impacts of future climate and carbon dioxide changes on the average and variability of US maize yields under two emission scenarios,high_emissions_clear,Explicitly frames RCP8.5 as high-emissions or high-concentration.,high_emissions_signal;projection_signal;default_future_signal,False,False,True,True,True,rcp85,not_reviewed,
https://openalex.org/W2174232425,2015,Environmental Research Letters,Top ten European heatwaves since 1950 and their occurrence in the coming decades,ambiguous_projection,"Uses scenario/projection/model language but does not clearly state baseline, stress-case, high-emissions, or default-future framing in title/abstract.",projection_signal,False,False,False,True,False,rcp85,not_reviewed,
https://openalex.org/W2110047381,2015,Environmental Research Letters,Twenty first century climatic and hydrological changes over Upper Indus Basin of Himalayan region of Pakistan,ambiguous_projection,"Uses scenario/projection/model language but does not clearly state baseline, stress-case, high-emissions, or default-future framing in title/abstract.",projection_signal,False,False,False,True,False,rcp85,not_reviewed,
https://openalex.org/W1689307259,2015,Global Environmental Change,Ensemble flood risk assessment in Europe under high end climate scenarios,stress_case_clear,"Explicitly frames RCP8.5 as a stress case, worst case, high-end, upper-bound, extreme, pessimistic, or severe scenario.",stress_case_signal;projection_signal,False,True,False,True,False,rcp85,not_reviewed,
https://openalex.org/W2337189231,2016,Climatic Change,A comparison of U.S. precipitation extremes under RCP8.5 and RCP4.5 with an application of pattern scaling,ambiguous_projection,"Uses scenario/projection/model language but does not clearly state baseline, stress-case, high-emissions, or default-future framing in title/abstract.",,False,False,False,False,False,rcp85,not_reviewed,
https://openalex.org/W2281513836,2016,Climatic Change,Benefits of mitigation for future heat extremes under RCP4.5 compared to RCP8.5,ambiguous_projection,"Uses scenario/projection/model language but does not clearly state baseline, stress-case, high-emissions, or default-future framing in title/abstract.",,False,False,False,False,False,rcp85,not_reviewed,
https://openalex.org/W2277868017,2016,Climatic Change,Future risk of record-breaking summer temperatures and its mitigation,ambiguous_projection,"Uses scenario/projection/model language but does not clearly state baseline, stress-case, high-emissions, or default-future framing in title/abstract.",projection_signal;default_future_signal,False,False,False,True,True,rcp85,not_reviewed,
https://openalex.org/W2510316439,2016,Climatic Change,Projections of climate change impacts on central America tropical rainforest,ambiguous_projection,"Uses scenario/projection/model language but does not clearly state baseline, stress-case, high-emissions, or default-future framing in title/abstract.",projection_signal,False,False,False,True,False,rcp85,not_reviewed,
https://openalex.org/W2257728168,2016,Climatic Change,Simulated differences in 21st century aridity due to different scenarios of greenhouse gases and aerosols,ambiguous_projection,"Uses scenario/projection/model language but does not clearly state baseline, stress-case, high-emissions, or default-future framing in title/abstract.",projection_signal,False,False,False,True,False,rcp85,not_reviewed,
https://openalex.org/W2337173660,2016,Climatic Change,Strongly increasing heat extremes in the Middle East and North Africa (MENA) in the 21st century,baseline_or_bau,"Explicitly frames RCP8.5 as business-as-usual, baseline, reference, no-policy, or comparable default/reference case.",baseline_or_bau_signal;projection_signal,True,False,False,True,False,rcp85,not_reviewed,
https://openalex.org/W2419535481,2016,Climatic Change,The relative importance of climate change and population growth for exposure to future extreme droughts,high_emissions_clear,Explicitly frames RCP8.5 as high-emissions or high-concentration.,high_emissions_signal;projection_signal;default_future_signal,False,False,True,True,True,rcp85,not_reviewed,
https://openalex.org/W2385247053,2016,Environmental Research Letters,Climate change and projections for the Barents region: what is expected to change and what will stay the same?,ambiguous_projection,"Uses scenario/projection/model language but does not clearly state baseline, stress-case, high-emissions, or default-future framing in title/abstract.",projection_signal,False,False,False,True,False,rcp85,not_reviewed,
https://openalex.org/W2320944445,2016,Environmental Research Letters,Historically hottest summers projected to be the norm for more than half of the world’s population within 20 years,ambiguous_projection,"Uses scenario/projection/model language but does not clearly state baseline, stress-case, high-emissions, or default-future framing in title/abstract.",projection_signal;default_future_signal,False,False,False,True,True,rcp85,not_reviewed,
https://openalex.org/W2287019727,2016,Environmental Research Letters,How will climate change affect wildland fire severity in the western US?,ambiguous_projection,"Uses scenario/projection/model language but does not clearly state baseline, stress-case, high-emissions, or default-future framing in title/abstract.",projection_signal;default_future_signal,False,False,False,True,True,rcp85,not_reviewed,
https://openalex.org/W2520104762,2016,Environmental Research Letters,Impacts devalue the potential of large-scale terrestrial CO <sub>2</sub> removal through biomass plantations,baseline_or_bau,"Explicitly frames RCP8.5 as business-as-usual, baseline, reference, no-policy, or comparable default/reference case.",baseline_or_bau_signal;projection_signal,True,False,False,True,False,rcp85;representative_concentration_pathway,not_reviewed,
https://openalex.org/W2561433664,2016,Environmental Research Letters,Investigating the climate impacts of urbanization and the potential for cool roofs to counter future climate change in Southern California,ambiguous_projection,"Uses scenario/projection/model language but does not clearly state baseline, stress-case, high-emissions, or default-future framing in title/abstract.",projection_signal;default_future_signal,False,False,False,True,True,rcp85,not_reviewed,
https://openalex.org/W2515565907,2016,Environmental Research Letters,Monte Carlo modelling projects the loss of most land-terminating glaciers on Svalbard in the 21st century under RCP 8.5 forcing,ambiguous_projection,"Uses scenario/projection/model language but does not clearly state baseline, stress-case, high-emissions, or default-future framing in title/abstract.",projection_signal;default_future_signal,False,False,False,True,True,rcp85,not_reviewed,
https://openalex.org/W2528818116,2016,Environmental Research Letters,The sea level response to ice sheet freshwater forcing in the Community Earth System Model,ambiguous_projection,"Uses scenario/projection/model language but does not clearly state baseline, stress-case, high-emissions, or default-future framing in title/abstract.",projection_signal,False,False,False,True,False,rcp85,not_reviewed,
https://openalex.org/W2367931643,2016,Environmental Research Letters,When will unusual heat waves become normal in a warming Africa?,ambiguous_projection,"Uses scenario/projection/model language but does not clearly state baseline, stress-case, high-emissions, or default-future framing in title/abstract.",projection_signal,False,False,False,True,False,rcp85,not_reviewed,
https://openalex.org/W2508171124,2016,Global Environmental Change,Fossil-fueled development (SSP5): An energy and resource intensive scenario for the 21st century,baseline_or_bau,"Explicitly frames RCP8.5 as business-as-usual, baseline, reference, no-policy, or comparable default/reference case.",baseline_or_bau_signal;stress_case_signal;projection_signal;default_future_signal,True,True,False,True,True,radiative_forcing;rcp85;representative_concentration_pathway,not_reviewed,
https://openalex.org/W2751583757,2017,Climate Risk Management,"Climate change and population growth impacts on surface water supply and demand of Addis Ababa, Ethiopia",high_emissions_clear,Explicitly frames RCP8.5 as high-emissions or high-concentration.,high_emissions_signal;projection_signal,False,False,True,True,False,rcp85,not_reviewed,
https://openalex.org/W2745093660,2017,Climate Risk Management,Evaluating the impact of future climate change on irrigated maize production in Kansas,ambiguous_projection,"Uses scenario/projection/model language but does not clearly state baseline, stress-case, high-emissions, or default-future framing in title/abstract.",projection_signal;default_future_signal,False,False,False,True,True,rcp85;representative_concentration_pathway,not_reviewed,
https://openalex.org/W2769371650,2017,Climate Risk Management,"Predicting climate change impacts on the distribution of the threatened Garcinia indica in the Western Ghats, India",ambiguous_projection,"Uses scenario/projection/model language but does not clearly state baseline, stress-case, high-emissions, or default-future framing in title/abstract.",projection_signal;default_future_signal,False,False,False,True,True,rcp85;representative_concentration_pathway,not_reviewed,
https://openalex.org/W2727859767,2017,Climatic Change,Climate change vulnerability assessment of forests in the Southwest USA,ambiguous_projection,"Uses scenario/projection/model language but does not clearly state baseline, stress-case, high-emissions, or default-future framing in title/abstract.",projection_signal;default_future_signal,False,False,False,True,True,rcp85,not_reviewed,
https://openalex.org/W2589291790,2017,Climatic Change,Estimating wildfire response costs in Alaska’s changing climate,ambiguous_projection,"Uses scenario/projection/model language but does not clearly state baseline, stress-case, high-emissions, or default-future framing in title/abstract.",projection_signal;default_future_signal,False,False,False,True,True,rcp85;representative_concentration_pathway,not_reviewed,
https://openalex.org/W2610638091,2017,Climatic Change,Towards a balanced view of Arctic shipping: estimating economic impacts of emissions from increased traffic on the Northern Sea Route,ambiguous_projection,"Uses scenario/projection/model language but does not clearly state baseline, stress-case, high-emissions, or default-future framing in title/abstract.",projection_signal;default_future_signal,False,False,False,True,True,rcp85,not_reviewed,
https://openalex.org/W2751373483,2017,Climatic Change,Tropical semi-arid regions expanding over temperate latitudes under climate change,ambiguous_projection,"Uses scenario/projection/model language but does not clearly state baseline, stress-case, high-emissions, or default-future framing in title/abstract.",projection_signal;default_future_signal,False,False,False,True,True,rcp85,not_reviewed,
https://openalex.org/W2609256982,2017,Earth s Future,Diagnosing phosphorus limitations in natural terrestrial ecosystems in carbon cycle models,ambiguous_projection,"Uses scenario/projection/model language but does not clearly state baseline, stress-case, high-emissions, or default-future framing in title/abstract.",projection_signal,False,False,False,True,False,rcp85;representative_concentration_pathway,not_reviewed,
https://openalex.org/W2775588074,2017,Earth s Future,Evolving Understanding of Antarctic Ice‐Sheet Physics and Ambiguity in Probabilistic Sea‐Level Projections,high_emissions_clear,Explicitly frames RCP8.5 as high-emissions or high-concentration.,high_emissions_signal;projection_signal;default_future_signal,False,False,True,True,True,rcp85;representative_concentration_pathway,not_reviewed,
https://openalex.org/W2750631453,2017,Earth s Future,Future Reef Growth Can Mitigate Physical Impacts of Sea‐Level Rise on Atoll Islands,ambiguous_projection,"Uses scenario/projection/model language but does not clearly state baseline, stress-case, high-emissions, or default-future framing in title/abstract.",projection_signal,False,False,False,True,False,rcp85,not_reviewed,
https://openalex.org/W2765961687,2017,Earth s Future,Recent Very Hot Summers in Northern Hemispheric Land Areas Measured by Wet Bulb Globe Temperature Will Be the Norm Within 20 Years,ambiguous_projection,"Uses scenario/projection/model language but does not clearly state baseline, stress-case, high-emissions, or default-future framing in title/abstract.",projection_signal;default_future_signal,False,False,False,True,True,rcp85,not_reviewed,
https://openalex.org/W2592949530,2017,Environmental Research Letters,"Assessing climate change impacts, benefits of mitigation, and uncertainties on major global forest regions under multiple socioeconomic and emissions scenarios",baseline_or_bau,"Explicitly frames RCP8.5 as business-as-usual, baseline, reference, no-policy, or comparable default/reference case.",baseline_or_bau_signal;projection_signal;default_future_signal,True,False,False,True,True,rcp85,not_reviewed,
https://openalex.org/W2576969572,2017,Environmental Research Letters,Bounding probabilistic sea-level projections within the framework of the possibility theory,ambiguous_projection,"Uses scenario/projection/model language but does not clearly state baseline, stress-case, high-emissions, or default-future framing in title/abstract.",projection_signal;default_future_signal,False,False,False,True,True,rcp85,not_reviewed,
https://openalex.org/W2770247507,2017,Environmental Research Letters,Climate change projections of boreal summer precipitation over tropical America by using statistical downscaling from CMIP5 models,ambiguous_projection,"Uses scenario/projection/model language but does not clearly state baseline, stress-case, high-emissions, or default-future framing in title/abstract.",projection_signal;default_future_signal,False,False,False,True,True,radiative_forcing;rcp85,not_reviewed,
https://openalex.org/W2763286652,2017,Environmental Research Letters,Corrigendum: Bounding sea level projections within the framework of the possibility theory <i>Environ. Res. Lett.</i> (2017 <b>12</b> 014012),ambiguous_projection,"Uses scenario/projection/model language but does not clearly state baseline, stress-case, high-emissions, or default-future framing in title/abstract.",projection_signal;default_future_signal,False,False,False,True,True,rcp85,not_reviewed,
https://openalex.org/W2765130422,2017,Environmental Research Letters,"Heat wave exposure in India in current, 1.5 °C, and 2.0 °C worlds",baseline_or_bau,"Explicitly frames RCP8.5 as business-as-usual, baseline, reference, no-policy, or comparable default/reference case.",baseline_or_bau_signal;projection_signal;default_future_signal,True,False,False,True,True,rcp85,not_reviewed,
https://openalex.org/W2411760869,2017,Environmental Research Letters,Negative impacts of climate change on cereal yields: statistical evidence from France,ambiguous_projection,"Uses scenario/projection/model language but does not clearly state baseline, stress-case, high-emissions, or default-future framing in title/abstract.",projection_signal,False,False,False,True,False,rcp85,not_reviewed,
https://openalex.org/W2765085931,2017,Environmental Research Letters,Seasonal cycles enhance disparities between low- and high-income countries in exposure to monthly temperature emergence with future warming,ambiguous_projection,"Uses scenario/projection/model language but does not clearly state baseline, stress-case, high-emissions, or default-future framing in title/abstract.",projection_signal;default_future_signal,False,False,False,True,True,rcp85,not_reviewed,
https://openalex.org/W2775480501,2017,Environmental Research Letters,Temperature and humidity based projections of a rapid rise in global heat stress exposure during the 21st century,ambiguous_projection,"Uses scenario/projection/model language but does not clearly state baseline, stress-case, high-emissions, or default-future framing in title/abstract.",projection_signal,False,False,False,True,False,rcp85,not_reviewed,
https://openalex.org/W2755179771,2017,Environmental Research Letters,The role of humidity in determining scenarios of perceived temperature extremes in Europe,ambiguous_projection,"Uses scenario/projection/model language but does not clearly state baseline, stress-case, high-emissions, or default-future framing in title/abstract.",projection_signal,False,False,False,True,False,rcp85,not_reviewed,
https://openalex.org/W2754011544,2017,Nature Climate Change,Increased costs to US pavement infrastructure from future temperature rise,ambiguous_projection,"Uses scenario/projection/model language but does not clearly state baseline, stress-case, high-emissions, or default-future framing in title/abstract.",projection_signal,False,False,False,True,False,rcp85,not_reviewed,
https://openalex.org/W2750310858,2017,Regional Environmental Change,From past to future: impact of climate change on range shifts and genetic diversity patterns of circumboreal plants,ambiguous_projection,"Uses scenario/projection/model language but does not clearly state baseline, stress-case, high-emissions, or default-future framing in title/abstract.",projection_signal,False,False,False,True,False,rcp85;representative_concentration_pathway,not_reviewed,
https://openalex.org/W2791545891,2018,Climate Risk Management,Distributed probability of slope failure in Thailand under climate change,ambiguous_projection,"Uses scenario/projection/model language but does not clearly state baseline, stress-case, high-emissions, or default-future framing in title/abstract.",projection_signal;default_future_signal,False,False,False,True,True,rcp85;representative_concentration_pathway,not_reviewed,
https://openalex.org/W2895196470,2018,Climatic Change,"Assessment of projected agro-climatic indices over Awun river basin, Nigeria for the late twenty-first century",baseline_or_bau,"Explicitly frames RCP8.5 as business-as-usual, baseline, reference, no-policy, or comparable default/reference case.",baseline_or_bau_signal;projection_signal;default_future_signal,True,False,False,True,True,rcp85,not_reviewed,
https://openalex.org/W2800124768,2018,Climatic Change,Indices of Canada’s future climate for general and agricultural adaptation applications,ambiguous_projection,"Uses scenario/projection/model language but does not clearly state baseline, stress-case, high-emissions, or default-future framing in title/abstract.",projection_signal;default_future_signal,False,False,False,True,True,rcp85,not_reviewed,
https://openalex.org/W2890350582,2018,Climatic Change,The fate of Lake Baikal: how climate change may alter deep ventilation in the largest lake on Earth,ambiguous_projection,"Uses scenario/projection/model language but does not clearly state baseline, stress-case, high-emissions, or default-future framing in title/abstract.",projection_signal,False,False,False,True,False,rcp85,not_reviewed,
https://openalex.org/W2799638489,2018,Earth s Future,Assessing the Impacts of Extreme Agricultural Droughts in China Under Climate and Socioeconomic Changes,ambiguous_projection,"Uses scenario/projection/model language but does not clearly state baseline, stress-case, high-emissions, or default-future framing in title/abstract.",projection_signal,False,False,False,True,False,rcp85;representative_concentration_pathway,not_reviewed,
https://openalex.org/W4253415501,2018,Earth s Future,Cover and Masthead,ambiguous_projection,"Uses scenario/projection/model language but does not clearly state baseline, stress-case, high-emissions, or default-future framing in title/abstract.",,False,False,False,False,False,rcp85,not_reviewed,
https://openalex.org/W2807091797,2018,Earth s Future,Effective Radiative Forcing and Climate Response to Short‐Lived Climate Pollutants Under Different Scenarios,ambiguous_projection,"Uses scenario/projection/model language but does not clearly state baseline, stress-case, high-emissions, or default-future framing in title/abstract.",projection_signal,False,False,False,True,False,radiative_forcing;rcp85;representative_concentration_pathway,not_reviewed,
https://openalex.org/W2896524764,2018,Earth s Future,Future Global Soil Respiration Rates Will Swell Despite Regional Decreases in Temperature Sensitivity Caused by Rising Temperature,ambiguous_projection,"Uses scenario/projection/model language but does not clearly state baseline, stress-case, high-emissions, or default-future framing in title/abstract.",projection_signal,False,False,False,True,False,rcp85;representative_concentration_pathway,not_reviewed,
https://openalex.org/W2803564785,2018,Earth s Future,Long‐Term Changes in Global Socioeconomic Benefits of Flood Defenses and Residual Risk Based on CMIP5 Climate Models,ambiguous_projection,"Uses scenario/projection/model language but does not clearly state baseline, stress-case, high-emissions, or default-future framing in title/abstract.",projection_signal,False,False,False,True,False,rcp85;representative_concentration_pathway,not_reviewed,
https://openalex.org/W2788809438,2018,Earth s Future,Quantifying and Comparing Effects of Climate Engineering Methods on the Earth System,ambiguous_projection,"Uses scenario/projection/model language but does not clearly state baseline, stress-case, high-emissions, or default-future framing in title/abstract.",projection_signal,False,False,False,True,False,rcp85,not_reviewed,
https://openalex.org/W2794272113,2018,Earth s Future,Regional Climate Impacts of Stabilizing Global Warming at 1.5 K Using Solar Geoengineering,ambiguous_projection,"Uses scenario/projection/model language but does not clearly state baseline, stress-case, high-emissions, or default-future framing in title/abstract.",projection_signal,False,False,False,True,False,rcp85,not_reviewed,
https://openalex.org/W2802362369,2018,Environmental Research Letters,21st century tundra shrubification could enhance net carbon uptake of North America Arctic tundra under an RCP8.5 climate trajectory,ambiguous_projection,"Uses scenario/projection/model language but does not clearly state baseline, stress-case, high-emissions, or default-future framing in title/abstract.",projection_signal;default_future_signal,False,False,False,True,True,rcp85,not_reviewed,
https://openalex.org/W2793158445,2018,Environmental Research Letters,Balancing trade-offs between ecosystem services in Germany’s forests under climate change,ambiguous_projection,"Uses scenario/projection/model language but does not clearly state baseline, stress-case, high-emissions, or default-future framing in title/abstract.",projection_signal;default_future_signal,False,False,False,True,True,rcp85,not_reviewed,
https://openalex.org/W2888863561,2018,Environmental Research Letters,Changing the retention properties of catchments and their influence on runoff under climate change,ambiguous_projection,"Uses scenario/projection/model language but does not clearly state baseline, stress-case, high-emissions, or default-future framing in title/abstract.",projection_signal,False,False,False,True,False,rcp85,not_reviewed,
https://openalex.org/W2786140770,2018,Environmental Research Letters,Climate and health implications of future aerosol emission scenarios,ambiguous_projection,"Uses scenario/projection/model language but does not clearly state baseline, stress-case, high-emissions, or default-future framing in title/abstract.",projection_signal;default_future_signal,False,False,False,True,True,radiative_forcing;rcp85;representative_concentration_pathway,not_reviewed,
https://openalex.org/W2904059397,2018,Environmental Research Letters,Climate change impacts on hydrological services in southern California,ambiguous_projection,"Uses scenario/projection/model language but does not clearly state baseline, stress-case, high-emissions, or default-future framing in title/abstract.",projection_signal;default_future_signal,False,False,False,True,True,rcp85,not_reviewed,
https://openalex.org/W2886397483,2018,Environmental Research Letters,Climate change impacts on peak building cooling energy demand in a coastal megacity,ambiguous_projection,"Uses scenario/projection/model language but does not clearly state baseline, stress-case, high-emissions, or default-future framing in title/abstract.",projection_signal;default_future_signal,False,False,False,True,True,rcp85,not_reviewed,
https://openalex.org/W2887622235,2018,Environmental Research Letters,"Corrigendum: Potential impacts of 1.5 °C and 2 °C global warming on rainfall onset, cessation and length of rainy season in West Africa (2018 <i>Environ. Res. Lett.</i> <b>13</b> 055009)",ambiguous_projection,"Uses scenario/projection/model language but does not clearly state baseline, stress-case, high-emissions, or default-future framing in title/abstract.",,False,False,False,False,False,rcp85,not_reviewed,
https://openalex.org/W2799920520,2018,Environmental Research Letters,Drought-sensitivity of fine dust in the US Southwest: Implications for air quality and public health under future climate change,ambiguous_projection,"Uses scenario/projection/model language but does not clearly state baseline, stress-case, high-emissions, or default-future framing in title/abstract.",projection_signal;default_future_signal,False,False,False,True,True,rcp85;representative_concentration_pathway,not_reviewed,
https://openalex.org/W2850576352,2018,Environmental Research Letters,Extending CMIP5 projections of global mean temperature change and sea level rise due to thermal expansion using a physically-based emulator,ambiguous_projection,"Uses scenario/projection/model language but does not clearly state baseline, stress-case, high-emissions, or default-future framing in title/abstract.",projection_signal,False,False,False,True,False,rcp85,not_reviewed,
https://openalex.org/W2903908148,2018,Environmental Research Letters,Future changes in spring wheat yield in the European Russia as inferred from a large ensemble of high-resolution climate projections,ambiguous_projection,"Uses scenario/projection/model language but does not clearly state baseline, stress-case, high-emissions, or default-future framing in title/abstract.",projection_signal,False,False,False,True,False,rcp85,not_reviewed,
https://openalex.org/W2787896673,2018,Environmental Research Letters,"Future heat-waves, droughts and floods in 571 European cities",ambiguous_projection,"Uses scenario/projection/model language but does not clearly state baseline, stress-case, high-emissions, or default-future framing in title/abstract.",projection_signal;default_future_signal,False,False,False,True,True,rcp85,not_reviewed,
https://openalex.org/W2892268049,2018,Environmental Research Letters,Likelihood of concurrent climate extremes and variations over China,ambiguous_projection,"Uses scenario/projection/model language but does not clearly state baseline, stress-case, high-emissions, or default-future framing in title/abstract.",projection_signal;default_future_signal,False,False,False,True,True,rcp85,not_reviewed,
https://openalex.org/W2845048408,2018,Environmental Research Letters,Non-stationary hydropower generation projections constrained by environmental and electricity grid operations over the western United States,ambiguous_projection,"Uses scenario/projection/model language but does not clearly state baseline, stress-case, high-emissions, or default-future framing in title/abstract.",projection_signal;default_future_signal,False,False,False,True,True,rcp85,not_reviewed,
https://openalex.org/W2901866844,2018,Environmental Research Letters,Potential future methane emission hot spots in Greenland,high_emissions_clear,Explicitly frames RCP8.5 as high-emissions or high-concentration.,high_emissions_signal;projection_signal,False,False,True,True,False,rcp85,not_reviewed,
https://openalex.org/W2791529021,2018,Environmental Research Letters,Potential impact of 1.5 °C and 2 °C global warming on consecutive dry and wet days over West Africa,ambiguous_projection,"Uses scenario/projection/model language but does not clearly state baseline, stress-case, high-emissions, or default-future framing in title/abstract.",projection_signal;default_future_signal,False,False,False,True,True,rcp85,not_reviewed,
https://openalex.org/W2790858089,2018,Environmental Research Letters,"Potential impacts of 1.5 °C and 2 °C global warming on rainfall onset, cessation and length of rainy season in West Africa",ambiguous_projection,"Uses scenario/projection/model language but does not clearly state baseline, stress-case, high-emissions, or default-future framing in title/abstract.",projection_signal,False,False,False,True,False,rcp85,not_reviewed,
https://openalex.org/W2804011213,2018,Environmental Research Letters,Potential strong contribution of future anthropogenic land-use and land-cover change to the terrestrial carbon cycle,ambiguous_projection,"Uses scenario/projection/model language but does not clearly state baseline, stress-case, high-emissions, or default-future framing in title/abstract.",projection_signal,False,False,False,True,False,rcp85,not_reviewed,
https://openalex.org/W2783853742,2018,Environmental Research Letters,Projected changes of thermal growing season over Northern Eurasia in a 1.5 °C and 2 °C warming world,ambiguous_projection,"Uses scenario/projection/model language but does not clearly state baseline, stress-case, high-emissions, or default-future framing in title/abstract.",projection_signal,False,False,False,True,False,rcp85,not_reviewed,
https://openalex.org/W2803116530,2018,Environmental Research Letters,Temporal and spatial evaluation of stormwater engineering standards reveals risks and priorities across the United States,ambiguous_projection,"Uses scenario/projection/model language but does not clearly state baseline, stress-case, high-emissions, or default-future framing in title/abstract.",projection_signal;default_future_signal,False,False,False,True,True,rcp85,not_reviewed,
https://openalex.org/W2790297778,2018,Environmental Research Letters,The influence of non-CO <sub>2</sub> forcings on cumulative carbon emissions budgets,ambiguous_projection,"Uses scenario/projection/model language but does not clearly state baseline, stress-case, high-emissions, or default-future framing in title/abstract.",projection_signal,False,False,False,True,False,rcp85;representative_concentration_pathway,not_reviewed,
https://openalex.org/W2804328334,2018,Regional Environmental Change,Differences between low-end and high-end climate change impacts in Europe across multiple sectors,stress_case_clear,"Explicitly frames RCP8.5 as a stress case, worst case, high-end, upper-bound, extreme, pessimistic, or severe scenario.",stress_case_signal;projection_signal,False,True,False,True,False,rcp85,not_reviewed,
https://openalex.org/W2996971784,2019,Climate Risk Management,Inundation modelling for Bangladeshi coasts using downscaled and bias-corrected temperature,ambiguous_projection,"Uses scenario/projection/model language but does not clearly state baseline, stress-case, high-emissions, or default-future framing in title/abstract.",projection_signal;default_future_signal,False,False,False,True,True,rcp85,not_reviewed,
https://openalex.org/W2980721422,2019,Climatic Change,Assessment of the Laurentian Great Lakes’ hydrological conditions in a changing climate,ambiguous_projection,"Uses scenario/projection/model language but does not clearly state baseline, stress-case, high-emissions, or default-future framing in title/abstract.",projection_signal,False,False,False,True,False,rcp85,not_reviewed,
https://openalex.org/W2940194540,2019,Climatic Change,Effects of climate change and adaptation options on winter wheat yield under rainfed Mediterranean conditions in southern Portugal,ambiguous_projection,"Uses scenario/projection/model language but does not clearly state baseline, stress-case, high-emissions, or default-future framing in title/abstract.",projection_signal,False,False,False,True,False,rcp85,not_reviewed,
https://openalex.org/W2972468286,2019,Climatic Change,Impact of internal variability on climate change for the upcoming decades: analysis of the CanESM2-LE and CESM-LE large ensembles,ambiguous_projection,"Uses scenario/projection/model language but does not clearly state baseline, stress-case, high-emissions, or default-future framing in title/abstract.",projection_signal;default_future_signal,False,False,False,True,True,rcp85,not_reviewed,
https://openalex.org/W2945198907,2019,Climatic Change,Projection of near-future climate change and agricultural drought in Mainland Southeast Asia under RCP8.5,ambiguous_projection,"Uses scenario/projection/model language but does not clearly state baseline, stress-case, high-emissions, or default-future framing in title/abstract.",projection_signal,False,False,False,True,False,rcp85,not_reviewed,
https://openalex.org/W2995879696,2019,Earth s Future,Changes in Anthropogenic PM and the Resulting Global Climate Effects Under the RCP4.5 and RCP8.5 Scenarios by 2050,ambiguous_projection,"Uses scenario/projection/model language but does not clearly state baseline, stress-case, high-emissions, or default-future framing in title/abstract.",projection_signal,False,False,False,True,False,radiative_forcing;rcp85;representative_concentration_pathway,not_reviewed,
https://openalex.org/W2943474937,2019,Earth s Future,"Drought Occurring With Hot Extremes: Changes Under Future Climate Change on Loess Plateau, China",ambiguous_projection,"Uses scenario/projection/model language but does not clearly state baseline, stress-case, high-emissions, or default-future framing in title/abstract.",projection_signal;default_future_signal,False,False,False,True,True,rcp85;representative_concentration_pathway,not_reviewed,
https://openalex.org/W2994691784,2019,Earth s Future,Greenland Ice Sheet Response to Stratospheric Aerosol Injection Geoengineering,ambiguous_projection,"Uses scenario/projection/model language but does not clearly state baseline, stress-case, high-emissions, or default-future framing in title/abstract.",projection_signal,False,False,False,True,False,rcp85,not_reviewed,
https://openalex.org/W2944412777,2019,Earth s Future,Impacts of Observational Constraints Related to Sea Level on Estimates of Climate Sensitivity,ambiguous_projection,"Uses scenario/projection/model language but does not clearly state baseline, stress-case, high-emissions, or default-future framing in title/abstract.",projection_signal,False,False,False,True,False,radiative_forcing;rcp85,not_reviewed,
https://openalex.org/W2970562419,2019,Earth s Future,Potential Influence of Climate Change on Grain Self‐Sufficiency at the Country Level Considering Adaptation Measures,ambiguous_projection,"Uses scenario/projection/model language but does not clearly state baseline, stress-case, high-emissions, or default-future framing in title/abstract.",projection_signal;default_future_signal,False,False,False,True,True,rcp85,not_reviewed,
https://openalex.org/W2992460317,2019,Earth s Future,Sea Ice Targeted Geoengineering Can Delay Arctic Sea Ice Decline but not Global Warming,ambiguous_projection,"Uses scenario/projection/model language but does not clearly state baseline, stress-case, high-emissions, or default-future framing in title/abstract.",projection_signal,False,False,False,True,False,rcp85,not_reviewed,
https://openalex.org/W2946107406,2019,Earth s Future,The Exceptional 2018 European Water Seesaw Calls for Action on Adaptation,ambiguous_projection,"Uses scenario/projection/model language but does not clearly state baseline, stress-case, high-emissions, or default-future framing in title/abstract.",projection_signal,False,False,False,True,False,rcp85,not_reviewed,
https://openalex.org/W2938241600,2019,Earth s Future,The Response of Permafrost and High‐Latitude Ecosystems Under Large‐Scale Stratospheric Aerosol Injection and Its Termination,ambiguous_projection,"Uses scenario/projection/model language but does not clearly state baseline, stress-case, high-emissions, or default-future framing in title/abstract.",projection_signal,False,False,False,True,False,rcp85,not_reviewed,
https://openalex.org/W2960259087,2019,Environmental Research Letters,"A review of the major drivers of the terrestrial carbon uptake: model-based assessments, consensus, and uncertainties",ambiguous_projection,"Uses scenario/projection/model language but does not clearly state baseline, stress-case, high-emissions, or default-future framing in title/abstract.",projection_signal,False,False,False,True,False,rcp85;representative_concentration_pathway,not_reviewed,
https://openalex.org/W2948613157,2019,Environmental Research Letters,Assessing landscape potential for human sustainability and ‘attractiveness’ across Asian Russia in a warmer 21st century,ambiguous_projection,"Uses scenario/projection/model language but does not clearly state baseline, stress-case, high-emissions, or default-future framing in title/abstract.",projection_signal;default_future_signal,False,False,False,True,True,rcp85;representative_concentration_pathway,not_reviewed,
https://openalex.org/W2911963585,2019,Environmental Research Letters,"Assessment of climate change impacts on buildings, structures and infrastructure in the Russian regions on permafrost",ambiguous_projection,"Uses scenario/projection/model language but does not clearly state baseline, stress-case, high-emissions, or default-future framing in title/abstract.",projection_signal,False,False,False,True,False,rcp85,not_reviewed,
https://openalex.org/W2986915868,2019,Environmental Research Letters,Climate change impact on Northwestern African offshore wind energy resources,ambiguous_projection,"Uses scenario/projection/model language but does not clearly state baseline, stress-case, high-emissions, or default-future framing in title/abstract.",projection_signal,False,False,False,True,False,rcp85,not_reviewed,
https://openalex.org/W2990645575,2019,Environmental Research Letters,Climate change impact on energy demand in building-urban-atmosphere simulations through the 21st century,ambiguous_projection,"Uses scenario/projection/model language but does not clearly state baseline, stress-case, high-emissions, or default-future framing in title/abstract.",projection_signal,False,False,False,True,False,radiative_forcing;rcp85,not_reviewed,
https://openalex.org/W2983152285,2019,Environmental Research Letters,"Climate change impacts the spread potential of wheat stem rust, a significant crop disease",baseline_or_bau,"Explicitly frames RCP8.5 as business-as-usual, baseline, reference, no-policy, or comparable default/reference case.",baseline_or_bau_signal;projection_signal;default_future_signal,True,False,False,True,True,rcp85,not_reviewed,
https://openalex.org/W2991026755,2019,Environmental Research Letters,Global ecosystem service values in climate class transitions,ambiguous_projection,"Uses scenario/projection/model language but does not clearly state baseline, stress-case, high-emissions, or default-future framing in title/abstract.",projection_signal,False,False,False,True,False,rcp85;representative_concentration_pathway,not_reviewed,
https://openalex.org/W2990094322,2019,Environmental Research Letters,"Impact of climate and population change on temperature-related mortality burden in Bavaria, Germany",ambiguous_projection,"Uses scenario/projection/model language but does not clearly state baseline, stress-case, high-emissions, or default-future framing in title/abstract.",projection_signal;default_future_signal,False,False,False,True,True,rcp85;representative_concentration_pathway,not_reviewed,
https://openalex.org/W2947813851,2019,Environmental Research Letters,Mid-21st century ozone air quality and health burden in China under emissions scenarios and climate change,ambiguous_projection,"Uses scenario/projection/model language but does not clearly state baseline, stress-case, high-emissions, or default-future framing in title/abstract.",projection_signal,False,False,False,True,False,rcp85;representative_concentration_pathway,not_reviewed,
https://openalex.org/W2982681833,2019,Environmental Research Letters,Novel Index for bioclimatic zone-based biodiversity conservation strategies under climate change in Northeast Asia,ambiguous_projection,"Uses scenario/projection/model language but does not clearly state baseline, stress-case, high-emissions, or default-future framing in title/abstract.",projection_signal;default_future_signal,False,False,False,True,True,rcp85;representative_concentration_pathway,not_reviewed,
https://openalex.org/W2978744310,2019,Environmental Research Letters,Projected increase in the spatial extent of contiguous US summer heat waves and associated attributes,ambiguous_projection,"Uses scenario/projection/model language but does not clearly state baseline, stress-case, high-emissions, or default-future framing in title/abstract.",projection_signal,False,False,False,True,False,radiative_forcing;rcp85,not_reviewed,
https://openalex.org/W2943739006,2019,Environmental Research Letters,Projected precipitation changes over the south Asian region for every 0.5 °C increase in global warming,ambiguous_projection,"Uses scenario/projection/model language but does not clearly state baseline, stress-case, high-emissions, or default-future framing in title/abstract.",projection_signal,False,False,False,True,False,rcp85,not_reviewed,
https://openalex.org/W2977505457,2019,Environmental Research Letters,Quantifying uncertainty in European climate projections using combined performance-independence weighting,high_emissions_clear,Explicitly frames RCP8.5 as high-emissions or high-concentration.,high_emissions_signal;projection_signal;default_future_signal,False,False,True,True,True,rcp85,not_reviewed,
https://openalex.org/W2985523630,2019,Environmental Research Letters,Regionalization of anthropogenically forced changes in 3 hourly extreme precipitation over Europe,baseline_or_bau,"Explicitly frames RCP8.5 as business-as-usual, baseline, reference, no-policy, or comparable default/reference case.",baseline_or_bau_signal;projection_signal,True,False,False,True,False,rcp85,not_reviewed,
https://openalex.org/W2947468225,2019,Environmental Research Letters,Response of ecosystem intrinsic water use efficiency and gross primary productivity to rising vapor pressure deficit,high_emissions_clear,Explicitly frames RCP8.5 as high-emissions or high-concentration.,high_emissions_signal;projection_signal,False,False,True,True,False,rcp85,not_reviewed,
https://openalex.org/W2980470687,2019,Nature Climate Change,Large loss of CO2 in winter observed across the northern permafrost region,baseline_or_bau,"Explicitly frames RCP8.5 as business-as-usual, baseline, reference, no-policy, or comparable default/reference case.",baseline_or_bau_signal;projection_signal;default_future_signal,True,False,False,True,True,rcp85;representative_concentration_pathway,not_reviewed,
https://openalex.org/W2989627974,2019,Regional Environmental Change,"A multi-model, multi-scenario, and multi-domain analysis of regional climate projections for the Mediterranean",ambiguous_projection,"Uses scenario/projection/model language but does not clearly state baseline, stress-case, high-emissions, or default-future framing in title/abstract.",projection_signal,False,False,False,True,False,rcp85,not_reviewed,
https://openalex.org/W2971793470,2019,Regional Environmental Change,Global warming threatens conservation status of alpine EU habitat types in the European Eastern Alps,stress_case_clear,"Explicitly frames RCP8.5 as a stress case, worst case, high-end, upper-bound, extreme, pessimistic, or severe scenario.",stress_case_signal;projection_signal,False,True,False,True,False,rcp85;representative_concentration_pathway,not_reviewed,
https://openalex.org/W3112068985,2020,Climate Risk Management,Changing climate risk in the UK: A multi-sectoral analysis using policy-relevant indicators,stress_case_clear,"Explicitly frames RCP8.5 as a stress case, worst case, high-end, upper-bound, extreme, pessimistic, or severe scenario.",stress_case_signal;projection_signal;default_future_signal,False,True,False,True,True,rcp85,not_reviewed,
https://openalex.org/W3038326872,2020,Climate Risk Management,"Modelling habitat suitability of western tragopan (Tragopan melanocephalus) a range-restricted vulnerable bird species of the Himalayan region, in response to climate change",ambiguous_projection,"Uses scenario/projection/model language but does not clearly state baseline, stress-case, high-emissions, or default-future framing in title/abstract.",projection_signal;default_future_signal,False,False,False,True,True,rcp85;representative_concentration_pathway,not_reviewed,
https://openalex.org/W3109616555,2020,Climate Risk Management,Projected changes to risk of wind-driven rain on buildings in Canada under +0.5 °C to +3.5 °C global warming above the recent period,baseline_or_bau,"Explicitly frames RCP8.5 as business-as-usual, baseline, reference, no-policy, or comparable default/reference case.",baseline_or_bau_signal;projection_signal,True,False,False,True,False,rcp85,not_reviewed,
https://openalex.org/W3004942224,2020,Climatic Change,A global analysis of heat-related labour productivity losses under climate change—implications for Germany’s foreign trade,ambiguous_projection,"Uses scenario/projection/model language but does not clearly state baseline, stress-case, high-emissions, or default-future framing in title/abstract.",projection_signal,False,False,False,True,False,rcp85;representative_concentration_pathway,not_reviewed,
https://openalex.org/W3101102623,2020,Climatic Change,Effects of model calibration on hydrological and water resources management simulations under climate change in a semi-arid watershed,ambiguous_projection,"Uses scenario/projection/model language but does not clearly state baseline, stress-case, high-emissions, or default-future framing in title/abstract.",projection_signal,False,False,False,True,False,rcp85;representative_concentration_pathway,not_reviewed,
https://openalex.org/W3093680708,2020,Climatic Change,How a typical West African day in the future-climate compares with current-climate conditions in a convection-permitting and parameterised convection climate model,ambiguous_projection,"Uses scenario/projection/model language but does not clearly state baseline, stress-case, high-emissions, or default-future framing in title/abstract.",projection_signal;default_future_signal,False,False,False,True,True,rcp85,not_reviewed,
https://openalex.org/W3108964084,2020,Climatic Change,"Impacts of climate change on hurricane flood hazards in Jamaica Bay, New York",ambiguous_projection,"Uses scenario/projection/model language but does not clearly state baseline, stress-case, high-emissions, or default-future framing in title/abstract.",projection_signal;default_future_signal,False,False,False,True,True,rcp85,not_reviewed,
https://openalex.org/W3044079257,2020,Climatic Change,More perceived but not faster evolution of heat stress than temperature extremes in the future,ambiguous_projection,"Uses scenario/projection/model language but does not clearly state baseline, stress-case, high-emissions, or default-future framing in title/abstract.",projection_signal,False,False,False,True,False,rcp85,not_reviewed,
https://openalex.org/W3049080179,2020,Earth s Future,Analysis of Compound Climate Extremes and Exposed Population in Africa Under Two Different Emission Scenarios,ambiguous_projection,"Uses scenario/projection/model language but does not clearly state baseline, stress-case, high-emissions, or default-future framing in title/abstract.",projection_signal;default_future_signal,False,False,False,True,True,rcp85,not_reviewed,
https://openalex.org/W3016667131,2020,Earth s Future,Comparison of Changing Population Exposure to Droughts in River Basins of the Tarim and the Indus,ambiguous_projection,"Uses scenario/projection/model language but does not clearly state baseline, stress-case, high-emissions, or default-future framing in title/abstract.",projection_signal,False,False,False,True,False,rcp85,not_reviewed,
https://openalex.org/W3093830265,2020,Earth s Future,Detectability of Artificial Ocean Alkalinization and Stratospheric Aerosol Injection in MPI‐ESM,ambiguous_projection,"Uses scenario/projection/model language but does not clearly state baseline, stress-case, high-emissions, or default-future framing in title/abstract.",projection_signal,False,False,False,True,False,rcp85;representative_concentration_pathway,not_reviewed,
https://openalex.org/W3036838225,2020,Earth s Future,Exploring the Drivers of Global and Local Sea‐Level Change Over the 21st Century and Beyond,ambiguous_projection,"Uses scenario/projection/model language but does not clearly state baseline, stress-case, high-emissions, or default-future framing in title/abstract.",projection_signal;default_future_signal,False,False,False,True,True,rcp85,not_reviewed,
https://openalex.org/W3097817433,2020,Earth s Future,Future Risks of Unprecedented Compound Heat Waves Over Three Vast Urban Agglomerations in China,ambiguous_projection,"Uses scenario/projection/model language but does not clearly state baseline, stress-case, high-emissions, or default-future framing in title/abstract.",projection_signal;default_future_signal,False,False,False,True,True,rcp85,not_reviewed,
https://openalex.org/W3003226856,2020,Earth s Future,Global Change Can Make Coastal Eutrophication Control in China More Difficult,ambiguous_projection,"Uses scenario/projection/model language but does not clearly state baseline, stress-case, high-emissions, or default-future framing in title/abstract.",projection_signal,False,False,False,True,False,rcp85;representative_concentration_pathway,not_reviewed,
https://openalex.org/W3047843253,2020,Earth s Future,Global Socioeconomic Risk of Precipitation Extremes Under Climate Change,ambiguous_projection,"Uses scenario/projection/model language but does not clearly state baseline, stress-case, high-emissions, or default-future framing in title/abstract.",projection_signal,False,False,False,True,False,rcp85;representative_concentration_pathway,not_reviewed,
https://openalex.org/W3020172758,2020,Earth s Future,Partitioning the Uncertainty of Ensemble Projections of Global Glacier Mass Change,ambiguous_projection,"Uses scenario/projection/model language but does not clearly state baseline, stress-case, high-emissions, or default-future framing in title/abstract.",projection_signal;default_future_signal,False,False,False,True,True,rcp85;representative_concentration_pathway,not_reviewed,
https://openalex.org/W3097126796,2020,Earth s Future,Projected Changes in Compound Flood Hazard From Riverine and Coastal Floods in Northwestern Europe,ambiguous_projection,"Uses scenario/projection/model language but does not clearly state baseline, stress-case, high-emissions, or default-future framing in title/abstract.",projection_signal,False,False,False,True,False,rcp85,not_reviewed,
https://openalex.org/W3003174637,2020,Environmental Research Letters,Anthropogenic land cover change impact on climate extremes during the 21st century,ambiguous_projection,"Uses scenario/projection/model language but does not clearly state baseline, stress-case, high-emissions, or default-future framing in title/abstract.",projection_signal,False,False,False,True,False,rcp85;representative_concentration_pathway,not_reviewed,
https://openalex.org/W3114738583,2020,Environmental Research Letters,Assessing the long-term interactions of climate change and timber markets on forest land and carbon storage,ambiguous_projection,"Uses scenario/projection/model language but does not clearly state baseline, stress-case, high-emissions, or default-future framing in title/abstract.",projection_signal;default_future_signal,False,False,False,True,True,rcp85;representative_concentration_pathway,not_reviewed,
https://openalex.org/W3011832120,2020,Environmental Research Letters,Changes in the exposure of California’s levee-protected critical infrastructure to flooding hazard in a warming climate,ambiguous_projection,"Uses scenario/projection/model language but does not clearly state baseline, stress-case, high-emissions, or default-future framing in title/abstract.",projection_signal,False,False,False,True,False,rcp85,not_reviewed,
https://openalex.org/W3104330921,2020,Environmental Research Letters,Changes in the relationship between ENSO and the East Asian winter monsoon under global warming,ambiguous_projection,"Uses scenario/projection/model language but does not clearly state baseline, stress-case, high-emissions, or default-future framing in title/abstract.",projection_signal,False,False,False,True,False,rcp85,not_reviewed,
https://openalex.org/W3084655684,2020,Environmental Research Letters,Dynamics of seasonally frozen ground in the Yarlung Zangbo River Basin on the Qinghai-Tibet Plateau: historical trend and future projection,ambiguous_projection,"Uses scenario/projection/model language but does not clearly state baseline, stress-case, high-emissions, or default-future framing in title/abstract.",projection_signal;default_future_signal,False,False,False,True,True,rcp85,not_reviewed,
https://openalex.org/W3097845653,2020,Environmental Research Letters,Emergence of significant soil moisture depletion in the near future,ambiguous_projection,"Uses scenario/projection/model language but does not clearly state baseline, stress-case, high-emissions, or default-future framing in title/abstract.",projection_signal;default_future_signal,False,False,False,True,True,rcp85;representative_concentration_pathway,not_reviewed,
https://openalex.org/W3013808870,2020,Environmental Research Letters,Emulating climate extreme indices,ambiguous_projection,"Uses scenario/projection/model language but does not clearly state baseline, stress-case, high-emissions, or default-future framing in title/abstract.",projection_signal,False,False,False,True,False,rcp85,not_reviewed,
https://openalex.org/W3044168938,2020,Environmental Research Letters,Evaluation and projection of snowfall changes in High Mountain Asia based on NASA’s NEX-GDDP high-resolution daily downscaled dataset,high_emissions_clear,Explicitly frames RCP8.5 as high-emissions or high-concentration.,high_emissions_signal;projection_signal,False,False,True,True,False,rcp85;representative_concentration_pathway,not_reviewed,
https://openalex.org/W3009116388,2020,Environmental Research Letters,Future evolution of surface solar radiation and photovoltaic potential in Europe: investigating the role of aerosols,ambiguous_projection,"Uses scenario/projection/model language but does not clearly state baseline, stress-case, high-emissions, or default-future framing in title/abstract.",projection_signal,False,False,False,True,False,rcp85;representative_concentration_pathway,not_reviewed,
https://openalex.org/W3004912775,2020,Environmental Research Letters,Global rangeland production systems and livelihoods at threat under climate change and variability,ambiguous_projection,"Uses scenario/projection/model language but does not clearly state baseline, stress-case, high-emissions, or default-future framing in title/abstract.",projection_signal,False,False,False,True,False,rcp85,not_reviewed,
https://openalex.org/W3071408250,2020,Environmental Research Letters,High potential for loss of permafrost landforms in a changing climate,ambiguous_projection,"Uses scenario/projection/model language but does not clearly state baseline, stress-case, high-emissions, or default-future framing in title/abstract.",projection_signal,False,False,False,True,False,rcp85,not_reviewed,
https://openalex.org/W3036539699,2020,Environmental Research Letters,Impact of climate change on crop suitability in sub-Saharan Africa in parameterized and convection-permitting regional climate models,ambiguous_projection,"Uses scenario/projection/model language but does not clearly state baseline, stress-case, high-emissions, or default-future framing in title/abstract.",projection_signal;default_future_signal,False,False,False,True,True,rcp85,not_reviewed,
https://openalex.org/W3005907556,2020,Environmental Research Letters,Increased population exposure to precipitation extremes under future warmer climates,ambiguous_projection,"Uses scenario/projection/model language but does not clearly state baseline, stress-case, high-emissions, or default-future framing in title/abstract.",projection_signal;default_future_signal,False,False,False,True,True,rcp85,not_reviewed,
https://openalex.org/W2969452336,2020,Environmental Research Letters,Intersecting vulnerabilities: climatic and demographic contributions to future population exposure to Aedes-borne viruses in the United States,ambiguous_projection,"Uses scenario/projection/model language but does not clearly state baseline, stress-case, high-emissions, or default-future framing in title/abstract.",projection_signal,False,False,False,True,False,rcp85;representative_concentration_pathway,not_reviewed,
https://openalex.org/W3042001613,2020,Environmental Research Letters,"One simulation, different conclusions—the baseline period makes the difference!",ambiguous_projection,"Uses scenario/projection/model language but does not clearly state baseline, stress-case, high-emissions, or default-future framing in title/abstract.",projection_signal,False,False,False,True,False,radiative_forcing;rcp85,not_reviewed,
https://openalex.org/W3115206273,2020,Environmental Research Letters,Permafrost sensitivity to global warming of 1.5 °C and 2 °C in the Northern Hemisphere,ambiguous_projection,"Uses scenario/projection/model language but does not clearly state baseline, stress-case, high-emissions, or default-future framing in title/abstract.",projection_signal,False,False,False,True,False,rcp85;representative_concentration_pathway,not_reviewed,
https://openalex.org/W3005284361,2020,Environmental Research Letters,Potential shifts in the aboveground biomass and physiognomy of a seasonally dry tropical forest in a changing climate,ambiguous_projection,"Uses scenario/projection/model language but does not clearly state baseline, stress-case, high-emissions, or default-future framing in title/abstract.",projection_signal;default_future_signal,False,False,False,True,True,rcp85;representative_concentration_pathway,not_reviewed,
https://openalex.org/W2999177644,2020,Environmental Research Letters,Projected effects of 1.5 °C and 2 °C global warming levels on the intra-seasonal rainfall characteristics over the Greater Horn of Africa,ambiguous_projection,"Uses scenario/projection/model language but does not clearly state baseline, stress-case, high-emissions, or default-future framing in title/abstract.",projection_signal,False,False,False,True,False,rcp85,not_reviewed,
https://openalex.org/W3118157939,2020,Environmental Research Letters,Subsea permafrost carbon stocks and climate change sensitivity estimated by expert assessment,ambiguous_projection,"Uses scenario/projection/model language but does not clearly state baseline, stress-case, high-emissions, or default-future framing in title/abstract.",projection_signal;default_future_signal,False,False,False,True,True,rcp85;representative_concentration_pathway,not_reviewed,
https://openalex.org/W3006248750,2020,Environmental Research Letters,The effects of afforestation as an adaptation option: a case study in the upper Chao Phraya River basin,ambiguous_projection,"Uses scenario/projection/model language but does not clearly state baseline, stress-case, high-emissions, or default-future framing in title/abstract.",projection_signal;default_future_signal,False,False,False,True,True,rcp85,not_reviewed,
https://openalex.org/W3110656578,2020,Environmental Research Letters,The emergence of anthropogenic signal in mean and extreme precipitation trend over China by using two large ensembles,ambiguous_projection,"Uses scenario/projection/model language but does not clearly state baseline, stress-case, high-emissions, or default-future framing in title/abstract.",projection_signal,False,False,False,True,False,rcp85,not_reviewed,
https://openalex.org/W3115526937,2020,Environmental Research Letters,The implications of future climate change on the blue water footprint of hydropower in the contiguous US <sup>*</sup>,ambiguous_projection,"Uses scenario/projection/model language but does not clearly state baseline, stress-case, high-emissions, or default-future framing in title/abstract.",projection_signal;default_future_signal,False,False,False,True,True,rcp85;representative_concentration_pathway,not_reviewed,
https://openalex.org/W3021772433,2020,Environmental Research Letters,Thermal extremes in regulated river systems under climate change: an application to the southeastern U.S. rivers,ambiguous_projection,"Uses scenario/projection/model language but does not clearly state baseline, stress-case, high-emissions, or default-future framing in title/abstract.",projection_signal;default_future_signal,False,False,False,True,True,rcp85,not_reviewed,
https://openalex.org/W3010957754,2020,Environmental Research Letters,Warmer climate projections in EC-Earth3-Veg: the role of changes in the greenhouse gas concentrations from CMIP5 to CMIP6,ambiguous_projection,"Uses scenario/projection/model language but does not clearly state baseline, stress-case, high-emissions, or default-future framing in title/abstract.",projection_signal,False,False,False,True,False,cmip6;radiative_forcing;rcp85;ssp585,not_reviewed,
https://openalex.org/W3032962407,2020,Environmental Research Letters,Will climate change make Chinese people more comfortable? A scenario analysis based on the weather preference index,ambiguous_projection,"Uses scenario/projection/model language but does not clearly state baseline, stress-case, high-emissions, or default-future framing in title/abstract.",projection_signal;default_future_signal,False,False,False,True,True,rcp85;representative_concentration_pathway,not_reviewed,
https://openalex.org/W3093488658,2020,Regional Environmental Change,Climate change and the future of endemic flora in the South Western Alps: relationships between niche properties and extinction risk,stress_case_clear,"Explicitly frames RCP8.5 as a stress case, worst case, high-end, upper-bound, extreme, pessimistic, or severe scenario.",stress_case_signal;projection_signal;default_future_signal,False,True,False,True,True,rcp85,not_reviewed,
https://openalex.org/W3024017728,2020,Regional Environmental Change,"Future distribution of invasive weed species across the major road network in the state of Montana, USA",ambiguous_projection,"Uses scenario/projection/model language but does not clearly state baseline, stress-case, high-emissions, or default-future framing in title/abstract.",projection_signal,False,False,False,True,False,rcp85;representative_concentration_pathway,not_reviewed,
https://openalex.org/W3105532038,2020,Regional Environmental Change,"High genetic diversity and low future habitat suitability: will Cupressus atlantica, endemic to the High Atlas, survive under climate change?",stress_case_clear,"Explicitly frames RCP8.5 as a stress case, worst case, high-end, upper-bound, extreme, pessimistic, or severe scenario.",stress_case_signal;projection_signal,False,True,False,True,False,rcp85,not_reviewed,
https://openalex.org/W3034017028,2020,Weather Climate and Society,Exploring Climate Change Threats to Beach Tourism Destinations: Application of the Hazard–Activity Pairs Methodology to South Africa,ambiguous_projection,"Uses scenario/projection/model language but does not clearly state baseline, stress-case, high-emissions, or default-future framing in title/abstract.",projection_signal;default_future_signal,False,False,False,True,True,rcp85,not_reviewed,
https://openalex.org/W3081776542,2020,Weather Climate and Society,The Nonlinear Impacts of Global Warming on Regional Economic Production: An Empirical Analysis from China,ambiguous_projection,"Uses scenario/projection/model language but does not clearly state baseline, stress-case, high-emissions, or default-future framing in title/abstract.",projection_signal,False,False,False,True,False,rcp85;representative_concentration_pathway,not_reviewed,
https://openalex.org/W3182016287,2021,Climate Risk Management,Climate change impact assessment on grape growth and wine production in the Okanagan Valley (Canada),ambiguous_projection,"Uses scenario/projection/model language but does not clearly state baseline, stress-case, high-emissions, or default-future framing in title/abstract.",projection_signal,False,False,False,True,False,rcp85;representative_concentration_pathway,not_reviewed,
https://openalex.org/W3171524012,2021,Climate Risk Management,"Climate change, precipitation shifts and early summer drought: An irrigation tipping point for Finnish farmers?",ambiguous_projection,"Uses scenario/projection/model language but does not clearly state baseline, stress-case, high-emissions, or default-future framing in title/abstract.",projection_signal,False,False,False,True,False,rcp85,not_reviewed,
https://openalex.org/W3127748576,2021,Climate Risk Management,Future climate risk to UK agriculture from compound events,ambiguous_projection,"Uses scenario/projection/model language but does not clearly state baseline, stress-case, high-emissions, or default-future framing in title/abstract.",projection_signal;default_future_signal,False,False,False,True,True,rcp85,not_reviewed,
https://openalex.org/W3200264845,2021,Climate Risk Management,Increased risk of extreme heat to European roads and railways with global warming,ambiguous_projection,"Uses scenario/projection/model language but does not clearly state baseline, stress-case, high-emissions, or default-future framing in title/abstract.",projection_signal,False,False,False,True,False,rcp85,not_reviewed,
https://openalex.org/W3197522516,2021,Climate Risk Management,Long-term sea-level rise necessitates a commitment to adaptation: A first order assessment,stress_case_clear,"Explicitly frames RCP8.5 as a stress case, worst case, high-end, upper-bound, extreme, pessimistic, or severe scenario.",stress_case_signal;projection_signal,False,True,False,True,False,rcp85,not_reviewed,
https://openalex.org/W3120013059,2021,Climate Risk Management,"Modelling hydrological processes under climate change scenarios in the Jemma sub-basin of upper Blue Nile Basin, Ethiopia",ambiguous_projection,"Uses scenario/projection/model language but does not clearly state baseline, stress-case, high-emissions, or default-future framing in title/abstract.",projection_signal,False,False,False,True,False,rcp85;representative_concentration_pathway,not_reviewed,
https://openalex.org/W3200911246,2021,Climate Risk Management,Predicting suitable habitats of ginkgo biloba L. fruit forests in China,ambiguous_projection,"Uses scenario/projection/model language but does not clearly state baseline, stress-case, high-emissions, or default-future framing in title/abstract.",projection_signal,False,False,False,True,False,rcp85;representative_concentration_pathway,not_reviewed,
https://openalex.org/W3132846592,2021,Climate Risk Management,Quantifying erosion hazards and economic damage to critical infrastructure in river catchments: Impact of a warming climate,ambiguous_projection,"Uses scenario/projection/model language but does not clearly state baseline, stress-case, high-emissions, or default-future framing in title/abstract.",projection_signal,False,False,False,True,False,rcp85,not_reviewed,
https://openalex.org/W3155421961,2021,Climatic Change,Climate change impacts on rainfed maize yields in Zambia under conventional and optimized crop management,ambiguous_projection,"Uses scenario/projection/model language but does not clearly state baseline, stress-case, high-emissions, or default-future framing in title/abstract.",projection_signal,False,False,False,True,False,rcp85,not_reviewed,
https://openalex.org/W3123237692,2021,Climatic Change,Climatic impacts on water resources in a tropical catchment in Uganda and adaptation measures proposed by resident stakeholders,ambiguous_projection,"Uses scenario/projection/model language but does not clearly state baseline, stress-case, high-emissions, or default-future framing in title/abstract.",projection_signal,False,False,False,True,False,rcp85,not_reviewed,
https://openalex.org/W3184100532,2021,Climatic Change,Combining socio-economic and climate projections to assess heat risk,ambiguous_projection,"Uses scenario/projection/model language but does not clearly state baseline, stress-case, high-emissions, or default-future framing in title/abstract.",projection_signal;default_future_signal,False,False,False,True,True,rcp85;representative_concentration_pathway,not_reviewed,
https://openalex.org/W3156513253,2021,Climatic Change,Past and future snowmelt trends in the Swiss Alps: the role of temperature and snowpack,high_emissions_clear,Explicitly frames RCP8.5 as high-emissions or high-concentration.,high_emissions_signal;projection_signal,False,False,True,True,False,rcp85,not_reviewed,
https://openalex.org/W3163721336,2021,Climatic Change,Unpacking future climate extremes and their sectoral implications in western Nepal,high_emissions_clear,Explicitly frames RCP8.5 as high-emissions or high-concentration.,high_emissions_signal;projection_signal;default_future_signal,False,False,True,True,True,rcp85,not_reviewed,
https://openalex.org/W4200576580,2021,Climatic Change,Warm winters challenge the cultivation of temperate species in South America—a spatial analysis of chill accumulation,ambiguous_projection,"Uses scenario/projection/model language but does not clearly state baseline, stress-case, high-emissions, or default-future framing in title/abstract.",projection_signal,False,False,False,True,False,rcp85;representative_concentration_pathway,not_reviewed,
https://openalex.org/W3195395754,2021,Earth s Future,Climate Change Increases Nitrogen Concentration in Rice With Low Nitrogen Use Efficiency,ambiguous_projection,"Uses scenario/projection/model language but does not clearly state baseline, stress-case, high-emissions, or default-future framing in title/abstract.",projection_signal;default_future_signal,False,False,False,True,True,rcp85,not_reviewed,
https://openalex.org/W3170513682,2021,Earth s Future,Economic Shock in a Climate Scenario and Its Impact on Surface Temperatures,ambiguous_projection,"Uses scenario/projection/model language but does not clearly state baseline, stress-case, high-emissions, or default-future framing in title/abstract.",projection_signal,False,False,False,True,False,rcp85;representative_concentration_pathway,not_reviewed,
https://openalex.org/W3188155848,2021,Earth s Future,Ensemble Drought Exposure Projection for Multifactorial Interactive Effects of Climate Change and Population Dynamics: Application to the Pearl River Basin,ambiguous_projection,"Uses scenario/projection/model language but does not clearly state baseline, stress-case, high-emissions, or default-future framing in title/abstract.",projection_signal,False,False,False,True,False,rcp85,not_reviewed,
https://openalex.org/W3161972058,2021,Earth s Future,Estimation of Oceanic and Land Carbon Sinks Based on the Most Recent Oxygen Budget,ambiguous_projection,"Uses scenario/projection/model language but does not clearly state baseline, stress-case, high-emissions, or default-future framing in title/abstract.",projection_signal,False,False,False,True,False,rcp85;representative_concentration_pathway,not_reviewed,
https://openalex.org/W3210864089,2021,Earth s Future,Evolving Tropical Cyclone Tracks in the North Atlantic in a Warming Climate,ambiguous_projection,"Uses scenario/projection/model language but does not clearly state baseline, stress-case, high-emissions, or default-future framing in title/abstract.",projection_signal,False,False,False,True,False,rcp85,not_reviewed,
https://openalex.org/W3155329017,2021,Earth s Future,From Flood to Drip Irrigation Under Climate Change: Impacts on Evapotranspiration and Groundwater Recharge in the Mediterranean Region of Valencia (Spain),ambiguous_projection,"Uses scenario/projection/model language but does not clearly state baseline, stress-case, high-emissions, or default-future framing in title/abstract.",projection_signal,False,False,False,True,False,rcp85,not_reviewed,
https://openalex.org/W3129578752,2021,Earth s Future,Future Changes in the Frequency and Destructiveness of Landfalling Tropical Cyclones Over East Asia Projected by High‐Resolution AGCMs,ambiguous_projection,"Uses scenario/projection/model language but does not clearly state baseline, stress-case, high-emissions, or default-future framing in title/abstract.",projection_signal;default_future_signal,False,False,False,True,True,rcp85,not_reviewed,
https://openalex.org/W3159031554,2021,Earth s Future,Global CO<sub>2</sub>Consumption by Silicate Rock Chemical Weathering: Its Past and Future,ambiguous_projection,"Uses scenario/projection/model language but does not clearly state baseline, stress-case, high-emissions, or default-future framing in title/abstract.",projection_signal,False,False,False,True,False,rcp85,not_reviewed,
https://openalex.org/W3170264354,2021,Earth s Future,Introducing NARCliM1.5: Evaluating the Performance of Regional Climate Projections for Southeast Australia for 1950–2100,ambiguous_projection,"Uses scenario/projection/model language but does not clearly state baseline, stress-case, high-emissions, or default-future framing in title/abstract.",projection_signal,False,False,False,True,False,rcp85;representative_concentration_pathway,not_reviewed,
https://openalex.org/W3162176936,2021,Earth s Future,Mapping the Vulnerability of Arctic Wetlands to Global Warming,ambiguous_projection,"Uses scenario/projection/model language but does not clearly state baseline, stress-case, high-emissions, or default-future framing in title/abstract.",projection_signal;default_future_signal,False,False,False,True,True,rcp85,not_reviewed,
https://openalex.org/W3114128624,2021,Earth s Future,Projected Changes to Cool‐Season Storm Tides in the 21st Century Along the Northeastern United States Coast,ambiguous_projection,"Uses scenario/projection/model language but does not clearly state baseline, stress-case, high-emissions, or default-future framing in title/abstract.",projection_signal,False,False,False,True,False,rcp85,not_reviewed,
https://openalex.org/W3198529727,2021,Earth s Future,Reduced Rainfall in Future Heavy Precipitation Events Related to Contracted Rain Area Despite Increased Rain Rate,ambiguous_projection,"Uses scenario/projection/model language but does not clearly state baseline, stress-case, high-emissions, or default-future framing in title/abstract.",projection_signal,False,False,False,True,False,rcp85,not_reviewed,
https://openalex.org/W3081976757,2021,Earth s Future,SSP‐Based Land‐Use Change Scenarios: A Critical Uncertainty in Future Regional Climate Change Projections,ambiguous_projection,"Uses scenario/projection/model language but does not clearly state baseline, stress-case, high-emissions, or default-future framing in title/abstract.",projection_signal,False,False,False,True,False,rcp85;representative_concentration_pathway,not_reviewed,
https://openalex.org/W3186504355,2021,Earth s Future,Significant Reductions in Crop Yields From Air Pollution and Heat Stress in the United States,ambiguous_projection,"Uses scenario/projection/model language but does not clearly state baseline, stress-case, high-emissions, or default-future framing in title/abstract.",projection_signal;default_future_signal,False,False,False,True,True,rcp85,not_reviewed,
https://openalex.org/W3141188744,2021,Earth s Future,Uncovering the Past and Future Climate Drivers of Wheat Yield Shocks in Europe With Machine Learning,ambiguous_projection,"Uses scenario/projection/model language but does not clearly state baseline, stress-case, high-emissions, or default-future framing in title/abstract.",projection_signal;default_future_signal,False,False,False,True,True,rcp85,not_reviewed,
https://openalex.org/W3191019768,2021,Earth s Future,Vatnajökull Mass Loss Under Solar Geoengineering Due to the North Atlantic Meridional Overturning Circulation,ambiguous_projection,"Uses scenario/projection/model language but does not clearly state baseline, stress-case, high-emissions, or default-future framing in title/abstract.",projection_signal,False,False,False,True,False,rcp85,not_reviewed,
https://openalex.org/W3214428048,2021,Environmental Research Letters,Added value of high-resolution climate projections over South Korea on the scaling of precipitation with temperature,ambiguous_projection,"Uses scenario/projection/model language but does not clearly state baseline, stress-case, high-emissions, or default-future framing in title/abstract.",projection_signal,False,False,False,True,False,rcp85,not_reviewed,
https://openalex.org/W3209702765,2021,Environmental Research Letters,Aerosol-modulated heat stress in the present and future climate of India,ambiguous_projection,"Uses scenario/projection/model language but does not clearly state baseline, stress-case, high-emissions, or default-future framing in title/abstract.",projection_signal;default_future_signal,False,False,False,True,True,radiative_forcing;rcp85,not_reviewed,
https://openalex.org/W3182369159,2021,Environmental Research Letters,Assessing the impact of climate change on soil erosion in East Africa using a convection-permitting climate model,ambiguous_projection,"Uses scenario/projection/model language but does not clearly state baseline, stress-case, high-emissions, or default-future framing in title/abstract.",projection_signal;default_future_signal,False,False,False,True,True,rcp85,not_reviewed,
https://openalex.org/W3155260873,2021,Environmental Research Letters,Augmenting the spatial resolution of climate-change temperature projections for city planners and local decision makers,ambiguous_projection,"Uses scenario/projection/model language but does not clearly state baseline, stress-case, high-emissions, or default-future framing in title/abstract.",projection_signal,False,False,False,True,False,rcp85,not_reviewed,
https://openalex.org/W3122585005,2021,Environmental Research Letters,Changes in precipitation and air temperature contribute comparably to permafrost degradation in a warmer climate,ambiguous_projection,"Uses scenario/projection/model language but does not clearly state baseline, stress-case, high-emissions, or default-future framing in title/abstract.",projection_signal;default_future_signal,False,False,False,True,True,rcp85,not_reviewed,
https://openalex.org/W3124775559,2021,Environmental Research Letters,Climate change reduces winter overland travel across the Pan-Arctic even under low-end global warming scenarios,ambiguous_projection,"Uses scenario/projection/model language but does not clearly state baseline, stress-case, high-emissions, or default-future framing in title/abstract.",projection_signal,False,False,False,True,False,rcp85,not_reviewed,
https://openalex.org/W3118539616,2021,Environmental Research Letters,Climate impact and adaptation to heat and drought stress of regional and global wheat production,ambiguous_projection,"Uses scenario/projection/model language but does not clearly state baseline, stress-case, high-emissions, or default-future framing in title/abstract.",projection_signal;default_future_signal,False,False,False,True,True,rcp85,not_reviewed,
https://openalex.org/W3197554799,2021,Environmental Research Letters,Ecosystem carbon balance in the Hawaiian Islands under different scenarios of future climate and land use change,ambiguous_projection,"Uses scenario/projection/model language but does not clearly state baseline, stress-case, high-emissions, or default-future framing in title/abstract.",projection_signal;default_future_signal,False,False,False,True,True,radiative_forcing;rcp85,not_reviewed,
https://openalex.org/W3164275934,2021,Environmental Research Letters,"Emergency department visits and associated healthcare costs attributable to increasing temperature in the context of climate change in Perth, Western Australia, 2012–2019",ambiguous_projection,"Uses scenario/projection/model language but does not clearly state baseline, stress-case, high-emissions, or default-future framing in title/abstract.",projection_signal;default_future_signal,False,False,False,True,True,rcp85;representative_concentration_pathway,not_reviewed,
https://openalex.org/W3183213303,2021,Environmental Research Letters,"Empirical estimation of weather-driven yield shocks using biophysical characteristics for U.S. rainfed and irrigated maize, soybeans, and winter wheat",ambiguous_projection,"Uses scenario/projection/model language but does not clearly state baseline, stress-case, high-emissions, or default-future framing in title/abstract.",projection_signal;default_future_signal,False,False,False,True,True,rcp85,not_reviewed,
https://openalex.org/W3129661264,2021,Environmental Research Letters,Estimating PM2.5-related premature mortality and morbidity associated with future wildfire emissions in the western US,ambiguous_projection,"Uses scenario/projection/model language but does not clearly state baseline, stress-case, high-emissions, or default-future framing in title/abstract.",projection_signal;default_future_signal,False,False,False,True,True,rcp85;representative_concentration_pathway,not_reviewed,
https://openalex.org/W3141459641,2021,Environmental Research Letters,"Fewer deep cyclones projected for the midlatitudes in a warming climate, but with more intense rainfall",high_emissions_clear,Explicitly frames RCP8.5 as high-emissions or high-concentration.,high_emissions_signal;projection_signal;default_future_signal,False,False,True,True,True,rcp85,not_reviewed,
https://openalex.org/W3193716821,2021,Environmental Research Letters,Future climate change significantly alters interannual wheat yield variability over half of harvested areas,high_emissions_clear,Explicitly frames RCP8.5 as high-emissions or high-concentration.,high_emissions_signal;projection_signal;default_future_signal,False,False,True,True,True,rcp85;representative_concentration_pathway,not_reviewed,
https://openalex.org/W3195709273,2021,Environmental Research Letters,Global-scale changes to extreme ocean wave events due to anthropogenic warming,high_emissions_clear,Explicitly frames RCP8.5 as high-emissions or high-concentration.,high_emissions_signal;projection_signal,False,False,True,True,False,rcp85,not_reviewed,
https://openalex.org/W4200456443,2021,Environmental Research Letters,Lengthening of summer season over the Northern Hemisphere under 1.5 °C and 2.0 °C global warming,ambiguous_projection,"Uses scenario/projection/model language but does not clearly state baseline, stress-case, high-emissions, or default-future framing in title/abstract.",projection_signal;default_future_signal,False,False,False,True,True,rcp85,not_reviewed,
https://openalex.org/W3164363972,2021,Environmental Research Letters,Near future changes to rain-on-snow events in Norway,ambiguous_projection,"Uses scenario/projection/model language but does not clearly state baseline, stress-case, high-emissions, or default-future framing in title/abstract.",projection_signal;default_future_signal,False,False,False,True,True,rcp85,not_reviewed,
https://openalex.org/W3210733196,2021,Environmental Research Letters,Planning maize hybrids adaptation to future climate change by integrating crop modelling with machine learning,ambiguous_projection,"Uses scenario/projection/model language but does not clearly state baseline, stress-case, high-emissions, or default-future framing in title/abstract.",projection_signal;default_future_signal,False,False,False,True,True,rcp85,not_reviewed,
https://openalex.org/W3164172951,2021,Environmental Research Letters,Projected sea level rise on the continental shelves of the China Seas and the dominance of mass contribution,ambiguous_projection,"Uses scenario/projection/model language but does not clearly state baseline, stress-case, high-emissions, or default-future framing in title/abstract.",projection_signal,False,False,False,True,False,rcp85,not_reviewed,
https://openalex.org/W4200298778,2021,Environmental Research Letters,Rapidly changing high-latitude seasonality: implications for the 21st century carbon cycle in Alaska,ambiguous_projection,"Uses scenario/projection/model language but does not clearly state baseline, stress-case, high-emissions, or default-future framing in title/abstract.",projection_signal;default_future_signal,False,False,False,True,True,rcp85,not_reviewed,
https://openalex.org/W3163986423,2021,Environmental Research Letters,Responses of Arctic cyclones to biogeophysical feedbacks under future warming scenarios in a regional Earth system model,ambiguous_projection,"Uses scenario/projection/model language but does not clearly state baseline, stress-case, high-emissions, or default-future framing in title/abstract.",projection_signal;default_future_signal,False,False,False,True,True,rcp85;representative_concentration_pathway,not_reviewed,
https://openalex.org/W3213572460,2021,Environmental Research Letters,Separating the impacts of heat stress events from rising mean temperatures on winter wheat yield of China,ambiguous_projection,"Uses scenario/projection/model language but does not clearly state baseline, stress-case, high-emissions, or default-future framing in title/abstract.",projection_signal;default_future_signal,False,False,False,True,True,rcp85,not_reviewed,
https://openalex.org/W3192797243,2021,Environmental Research Letters,The fate of the Caspian Sea under projected climate change and water extraction during the 21st century,ambiguous_projection,"Uses scenario/projection/model language but does not clearly state baseline, stress-case, high-emissions, or default-future framing in title/abstract.",projection_signal;default_future_signal,False,False,False,True,True,radiative_forcing;rcp85;representative_concentration_pathway,not_reviewed,
https://openalex.org/W3125557402,2021,Environmental Research Letters,Vulnerability of European wheat to extreme heat and drought around flowering under future climate,ambiguous_projection,"Uses scenario/projection/model language but does not clearly state baseline, stress-case, high-emissions, or default-future framing in title/abstract.",projection_signal;default_future_signal,False,False,False,True,True,rcp85,not_reviewed,
https://openalex.org/W3153344565,2021,Environmental Research Letters,Warm-season net CO<sub>2</sub> uptake outweighs cold-season emissions over Alaskan North Slope tundra under current and RCP8.5 climate,ambiguous_projection,"Uses scenario/projection/model language but does not clearly state baseline, stress-case, high-emissions, or default-future framing in title/abstract.",projection_signal;default_future_signal,False,False,False,True,True,rcp85;representative_concentration_pathway,not_reviewed,
https://openalex.org/W3183181051,2021,Environmental Science & Policy,Projections of soil loss by water erosion in Europe by 2050,ambiguous_projection,"Uses scenario/projection/model language but does not clearly state baseline, stress-case, high-emissions, or default-future framing in title/abstract.",projection_signal,False,False,False,True,False,rcp85;representative_concentration_pathway,not_reviewed,
https://openalex.org/W3214546310,2021,Global Environmental Change,Assessing future vulnerability and risk of humanitarian crises using climate change and population projections within the INFORM framework,ambiguous_projection,"Uses scenario/projection/model language but does not clearly state baseline, stress-case, high-emissions, or default-future framing in title/abstract.",projection_signal;default_future_signal,False,False,False,True,True,rcp85,not_reviewed,
https://openalex.org/W3165075083,2021,Regional Environmental Change,"Climate change impacts on potential maize yields in Gambella Region, Ethiopia",ambiguous_projection,"Uses scenario/projection/model language but does not clearly state baseline, stress-case, high-emissions, or default-future framing in title/abstract.",projection_signal;default_future_signal,False,False,False,True,True,rcp85,not_reviewed,
https://openalex.org/W3196621406,2021,Regional Environmental Change,Land in Central America will become less suitable for coffee cultivation under climate change,ambiguous_projection,"Uses scenario/projection/model language but does not clearly state baseline, stress-case, high-emissions, or default-future framing in title/abstract.",projection_signal;default_future_signal,False,False,False,True,True,rcp85,not_reviewed,
https://openalex.org/W3128477315,2021,Regional Environmental Change,Near future climate change projections with implications for the agricultural sector of three major Mediterranean islands,ambiguous_projection,"Uses scenario/projection/model language but does not clearly state baseline, stress-case, high-emissions, or default-future framing in title/abstract.",projection_signal;default_future_signal,False,False,False,True,True,rcp85,not_reviewed,
https://openalex.org/W3129036441,2021,Regional Environmental Change,Possible changes in spatial distribution of walnut (Juglans regia L.) in Europe under warming climate,ambiguous_projection,"Uses scenario/projection/model language but does not clearly state baseline, stress-case, high-emissions, or default-future framing in title/abstract.",projection_signal,False,False,False,True,False,rcp85;representative_concentration_pathway,not_reviewed,
https://openalex.org/W3185463360,2021,Weather Climate and Society,Future Projections of Heat Mortality Risk for Major European Cities,ambiguous_projection,"Uses scenario/projection/model language but does not clearly state baseline, stress-case, high-emissions, or default-future framing in title/abstract.",projection_signal;default_future_signal,False,False,False,True,True,rcp85;representative_concentration_pathway,not_reviewed,
https://openalex.org/W3126064655,2021,Wiley Interdisciplinary Reviews Climate Change,Risks to future atoll habitability from climate‐driven environmental changes,ambiguous_projection,"Uses scenario/projection/model language but does not clearly state baseline, stress-case, high-emissions, or default-future framing in title/abstract.",projection_signal;default_future_signal,False,False,False,True,True,rcp85,not_reviewed,
https://openalex.org/W4285603651,2022,Climate Risk Management,Simulating the climate change impacts and evaluating potential adaptation strategies for irrigated corn production in Northern High Plains of Texas,ambiguous_projection,"Uses scenario/projection/model language but does not clearly state baseline, stress-case, high-emissions, or default-future framing in title/abstract.",projection_signal;default_future_signal,False,False,False,True,True,rcp85;representative_concentration_pathway,not_reviewed,
https://openalex.org/W4214644215,2022,Climatic Change,Assessing the impacts of climate change on climatic extremes in the Congo River Basin,high_emissions_clear,Explicitly frames RCP8.5 as high-emissions or high-concentration.,high_emissions_signal;projection_signal;default_future_signal,False,False,True,True,True,rcp85;representative_concentration_pathway,not_reviewed,
https://openalex.org/W4309386259,2022,Climatic Change,"Climate change implications for olive flowering in Crete, Greece: projections based on historical data",ambiguous_projection,"Uses scenario/projection/model language but does not clearly state baseline, stress-case, high-emissions, or default-future framing in title/abstract.",projection_signal;default_future_signal,False,False,False,True,True,rcp85;representative_concentration_pathway,not_reviewed,
https://openalex.org/W4283156781,2022,Climatic Change,Evapotranspiration in hydrological models under rising CO2: a jump into the unknown,ambiguous_projection,"Uses scenario/projection/model language but does not clearly state baseline, stress-case, high-emissions, or default-future framing in title/abstract.",projection_signal,False,False,False,True,False,rcp85,not_reviewed,
https://openalex.org/W4280630566,2022,Climatic Change,Modelling the effects of climate change on the profitability of Australian farms,ambiguous_projection,"Uses scenario/projection/model language but does not clearly state baseline, stress-case, high-emissions, or default-future framing in title/abstract.",projection_signal;default_future_signal,False,False,False,True,True,rcp85,not_reviewed,
https://openalex.org/W4285045584,2022,Climatic Change,Unravelling the effect of climate change on fire danger and fire behaviour in the Transboundary Biosphere Reserve of Meseta Ibérica (Portugal-Spain),ambiguous_projection,"Uses scenario/projection/model language but does not clearly state baseline, stress-case, high-emissions, or default-future framing in title/abstract.",projection_signal;default_future_signal,False,False,False,True,True,rcp85,not_reviewed,
https://openalex.org/W4307139637,2022,Earth s Future,A High‐End Estimate of Sea Level Rise for Practitioners,stress_case_clear,"Explicitly frames RCP8.5 as a stress case, worst case, high-end, upper-bound, extreme, pessimistic, or severe scenario.",stress_case_signal;projection_signal;default_future_signal,False,True,False,True,True,rcp85;ssp585,not_reviewed,
https://openalex.org/W4309858938,2022,Earth s Future,Detectable Increase in Global Land Areas Susceptible to Precipitation Reversals Under the RCP8.5 Scenario,ambiguous_projection,"Uses scenario/projection/model language but does not clearly state baseline, stress-case, high-emissions, or default-future framing in title/abstract.",projection_signal,False,False,False,True,False,rcp85,not_reviewed,
https://openalex.org/W4220768721,2022,Earth s Future,Heavy Precipitation Impacts on Nitrogen Loading to the Gulf of Mexico in the 21st Century: Model Projections Under Future Climate Scenarios,ambiguous_projection,"Uses scenario/projection/model language but does not clearly state baseline, stress-case, high-emissions, or default-future framing in title/abstract.",projection_signal;default_future_signal,False,False,False,True,True,rcp85;representative_concentration_pathway,not_reviewed,
https://openalex.org/W4285390462,2022,Earth s Future,High‐Resolution Data Sets for Global Carbonate and Silicate Rock Weathering Carbon Sinks and Their Change Trends,ambiguous_projection,"Uses scenario/projection/model language but does not clearly state baseline, stress-case, high-emissions, or default-future framing in title/abstract.",projection_signal;default_future_signal,False,False,False,True,True,rcp85,not_reviewed,
https://openalex.org/W4300865713,2022,Earth s Future,"More Frequent, Intense, and Extensive Rainfall Events in a Strongly Warming Arctic",ambiguous_projection,"Uses scenario/projection/model language but does not clearly state baseline, stress-case, high-emissions, or default-future framing in title/abstract.",projection_signal,False,False,False,True,False,cmip6;rcp85,not_reviewed,
https://openalex.org/W4290644642,2022,Earth s Future,Projected Changes and Time of Emergence of Temperature Extremes Over Australia in CMIP5 and CMIP6,ambiguous_projection,"Uses scenario/projection/model language but does not clearly state baseline, stress-case, high-emissions, or default-future framing in title/abstract.",projection_signal,False,False,False,True,False,cmip6;rcp85;representative_concentration_pathway;scenariomip,not_reviewed,
https://openalex.org/W4313366929,2022,Earth s Future,Projected Impact of Increased Global Warming on Heat Stress and Exposed Population Over Africa,ambiguous_projection,"Uses scenario/projection/model language but does not clearly state baseline, stress-case, high-emissions, or default-future framing in title/abstract.",projection_signal;default_future_signal,False,False,False,True,True,rcp85;representative_concentration_pathway,not_reviewed,
https://openalex.org/W4283025356,2022,Earth s Future,Projected Increases in Global Terrestrial Net Primary Productivity Loss Caused by Drought Under Climate Change,ambiguous_projection,"Uses scenario/projection/model language but does not clearly state baseline, stress-case, high-emissions, or default-future framing in title/abstract.",projection_signal;default_future_signal,False,False,False,True,True,rcp85,not_reviewed,
https://openalex.org/W4292550327,2022,Environmental Research Letters,A transiting temperate-subtropical mixed forest: carbon cycle projection and uncertainty,ambiguous_projection,"Uses scenario/projection/model language but does not clearly state baseline, stress-case, high-emissions, or default-future framing in title/abstract.",projection_signal,False,False,False,True,False,rcp85;representative_concentration_pathway,not_reviewed,
https://openalex.org/W4205407389,2022,Environmental Research Letters,Bottom-up drivers of future fire regimes in western boreal North America,ambiguous_projection,"Uses scenario/projection/model language but does not clearly state baseline, stress-case, high-emissions, or default-future framing in title/abstract.",projection_signal,False,False,False,True,False,rcp85,not_reviewed,
https://openalex.org/W4282923278,2022,Environmental Research Letters,CO<sub>2</sub> fertilization of crops offsets yield losses due to future surface ozone damage and climate change,high_emissions_clear,Explicitly frames RCP8.5 as high-emissions or high-concentration.,high_emissions_signal;projection_signal,False,False,True,True,False,rcp85;representative_concentration_pathway,not_reviewed,
https://openalex.org/W4220968829,2022,Environmental Research Letters,Climate change challenges efficiency of inter-basin water transfers in alleviating water stress,ambiguous_projection,"Uses scenario/projection/model language but does not clearly state baseline, stress-case, high-emissions, or default-future framing in title/abstract.",projection_signal,False,False,False,True,False,rcp85;representative_concentration_pathway,not_reviewed,
https://openalex.org/W4283029761,2022,Environmental Research Letters,Climate change-induced peatland drying in Southeast Asia,ambiguous_projection,"Uses scenario/projection/model language but does not clearly state baseline, stress-case, high-emissions, or default-future framing in title/abstract.",projection_signal;default_future_signal,False,False,False,True,True,rcp85,not_reviewed,
https://openalex.org/W4293248123,2022,Environmental Research Letters,"Climate impact emergence and flood peak synchronization projections in the Ganges, Brahmaputra and Meghna basins under CMIP5 and CMIP6 scenarios",ambiguous_projection,"Uses scenario/projection/model language but does not clearly state baseline, stress-case, high-emissions, or default-future framing in title/abstract.",projection_signal,False,False,False,True,False,cmip6;rcp85;ssp585,not_reviewed,
https://openalex.org/W4306827362,2022,Environmental Research Letters,Contrasting future lightning stories across Europe,ambiguous_projection,"Uses scenario/projection/model language but does not clearly state baseline, stress-case, high-emissions, or default-future framing in title/abstract.",projection_signal;default_future_signal,False,False,False,True,True,rcp85,not_reviewed,
https://openalex.org/W4302759872,2022,Environmental Research Letters,Elevation dependence of projected hydro-climatic change in eastern Siberia,ambiguous_projection,"Uses scenario/projection/model language but does not clearly state baseline, stress-case, high-emissions, or default-future framing in title/abstract.",projection_signal,False,False,False,True,False,rcp85,not_reviewed,
https://openalex.org/W4296702903,2022,Environmental Research Letters,Future changes and seasonal variability of the directional wave spectra in the Mediterranean Sea for the 21st century,high_emissions_clear,Explicitly frames RCP8.5 as high-emissions or high-concentration.,high_emissions_signal;projection_signal,False,False,True,True,False,rcp85,not_reviewed,
https://openalex.org/W4293107988,2022,Environmental Research Letters,Future climate change impact on wildfire danger over the Mediterranean: the case of Greece,stress_case_clear,"Explicitly frames RCP8.5 as a stress case, worst case, high-end, upper-bound, extreme, pessimistic, or severe scenario.",stress_case_signal;projection_signal;default_future_signal,False,True,False,True,True,rcp85;representative_concentration_pathway,not_reviewed,
https://openalex.org/W4297053331,2022,Environmental Research Letters,Potential benefits of climate change for potatoes in the United States,high_emissions_clear,Explicitly frames RCP8.5 as high-emissions or high-concentration.,high_emissions_signal;projection_signal;default_future_signal,False,False,True,True,True,rcp85,not_reviewed,
https://openalex.org/W4221113974,2022,Environmental Research Letters,"Potential impacts of climate, land use and land cover changes on hydropower generation in West Africa: a review",ambiguous_projection,"Uses scenario/projection/model language but does not clearly state baseline, stress-case, high-emissions, or default-future framing in title/abstract.",projection_signal;default_future_signal,False,False,False,True,True,rcp85,not_reviewed,
https://openalex.org/W4206000037,2022,Environmental Research Letters,Prioritizing climate change adaptation needs for hydropower sector in China,ambiguous_projection,"Uses scenario/projection/model language but does not clearly state baseline, stress-case, high-emissions, or default-future framing in title/abstract.",projection_signal;default_future_signal,False,False,False,True,True,rcp85,not_reviewed,
https://openalex.org/W4281568869,2022,Environmental Research Letters,Regional and elevational patterns of extreme heat stress change in the US,ambiguous_projection,"Uses scenario/projection/model language but does not clearly state baseline, stress-case, high-emissions, or default-future framing in title/abstract.",projection_signal,False,False,False,True,False,rcp85;representative_concentration_pathway,not_reviewed,
https://openalex.org/W4285730708,2022,Environmental Research Letters,Response of moist and dry processes in atmospheric blocking to climate change,ambiguous_projection,"Uses scenario/projection/model language but does not clearly state baseline, stress-case, high-emissions, or default-future framing in title/abstract.",projection_signal,False,False,False,True,False,rcp85,not_reviewed,
https://openalex.org/W4295048916,2022,Environmental Research Letters,Wildfire exacerbates high-latitude soil carbon losses from climate warming,ambiguous_projection,"Uses scenario/projection/model language but does not clearly state baseline, stress-case, high-emissions, or default-future framing in title/abstract.",projection_signal;default_future_signal,False,False,False,True,True,rcp85,not_reviewed,
https://openalex.org/W4288051794,2022,Mitigation and Adaptation Strategies for Global Change,Climate change and cocoyam (Colocasia esculenta (L.) Schott) production: assessing impacts and potential adaptation strategies in Zimbabwe,ambiguous_projection,"Uses scenario/projection/model language but does not clearly state baseline, stress-case, high-emissions, or default-future framing in title/abstract.",projection_signal,False,False,False,True,False,rcp85,not_reviewed,
https://openalex.org/W4211256659,2022,Nature Climate Change,African heritage sites threatened as sea-level rise accelerates,high_emissions_clear,Explicitly frames RCP8.5 as high-emissions or high-concentration.,high_emissions_signal;projection_signal,False,False,True,True,False,rcp85,not_reviewed,
https://openalex.org/W4283721398,2022,Nature Climate Change,Mangrove dispersal disrupted by projected changes in global seawater density,ambiguous_projection,"Uses scenario/projection/model language but does not clearly state baseline, stress-case, high-emissions, or default-future framing in title/abstract.",projection_signal;default_future_signal,False,False,False,True,True,rcp85;representative_concentration_pathway,not_reviewed,
https://openalex.org/W4229442328,2022,Regional Environmental Change,"Assessing potential impacts of sea level rise on mangrove ecosystems in the Mekong Delta, Vietnam",ambiguous_projection,"Uses scenario/projection/model language but does not clearly state baseline, stress-case, high-emissions, or default-future framing in title/abstract.",projection_signal,False,False,False,True,False,rcp85,not_reviewed,
https://openalex.org/W4226405024,2022,Regional Environmental Change,"Climate change impacts on future driving and walking conditions in Finland, Norway and Sweden",ambiguous_projection,"Uses scenario/projection/model language but does not clearly state baseline, stress-case, high-emissions, or default-future framing in title/abstract.",projection_signal,False,False,False,True,False,rcp85,not_reviewed,
https://openalex.org/W4313288052,2022,Regional Environmental Change,Climate change impacts on wind power generation for the Italian peninsula,ambiguous_projection,"Uses scenario/projection/model language but does not clearly state baseline, stress-case, high-emissions, or default-future framing in title/abstract.",projection_signal;default_future_signal,False,False,False,True,True,rcp85,not_reviewed,
https://openalex.org/W4307171756,2022,Regional Environmental Change,European beewolf (Philanthus triangulum) will expand its geographic range as a result of climate warming,stress_case_clear,"Explicitly frames RCP8.5 as a stress case, worst case, high-end, upper-bound, extreme, pessimistic, or severe scenario.",stress_case_signal;projection_signal;default_future_signal,False,True,False,True,True,rcp85,not_reviewed,
https://openalex.org/W4214850602,2022,Regional Environmental Change,Grassland contribution to soil organic carbon stock under climate change scenarios in Basque Country (Spain),ambiguous_projection,"Uses scenario/projection/model language but does not clearly state baseline, stress-case, high-emissions, or default-future framing in title/abstract.",projection_signal;default_future_signal,False,False,False,True,True,rcp85,not_reviewed,
https://openalex.org/W4224227695,2022,Regional Environmental Change,Projected impacts of climate change on tourism in the Canary Islands,ambiguous_projection,"Uses scenario/projection/model language but does not clearly state baseline, stress-case, high-emissions, or default-future framing in title/abstract.",projection_signal,False,False,False,True,False,rcp85,not_reviewed,
https://openalex.org/W4387409188,2023,Climate Risk Management,A Delphi assessment of climate change risks in southern Africa in the 21st century,ambiguous_projection,"Uses scenario/projection/model language but does not clearly state baseline, stress-case, high-emissions, or default-future framing in title/abstract.",projection_signal,False,False,False,True,False,rcp85,not_reviewed,
https://openalex.org/W4362640300,2023,Climate Risk Management,Landscape dependency of land-based salmon farming under climate change,high_emissions_clear,Explicitly frames RCP8.5 as high-emissions or high-concentration.,high_emissions_signal;projection_signal,False,False,True,True,False,rcp85,not_reviewed,
https://openalex.org/W4362722765,2023,Climate Risk Management,Present and future heat stress of preschoolers in five Swedish cities,ambiguous_projection,"Uses scenario/projection/model language but does not clearly state baseline, stress-case, high-emissions, or default-future framing in title/abstract.",projection_signal;default_future_signal,False,False,False,True,True,rcp85,not_reviewed,
https://openalex.org/W4387183967,2023,Climatic Change,"Climate change information tailored to the agricultural sector in Central Europe, exemplified on the region of Lower Franconia",ambiguous_projection,"Uses scenario/projection/model language but does not clearly state baseline, stress-case, high-emissions, or default-future framing in title/abstract.",projection_signal,False,False,False,True,False,rcp85,not_reviewed,
https://openalex.org/W4381889920,2023,Climatic Change,Evaluation of historical and future thermal conditions for almond trees in north-eastern Portugal,ambiguous_projection,"Uses scenario/projection/model language but does not clearly state baseline, stress-case, high-emissions, or default-future framing in title/abstract.",projection_signal,False,False,False,True,False,rcp85,not_reviewed,
https://openalex.org/W4376609896,2023,Climatic Change,Impact of mean sea-level rise on the long-term evolution of a mega-nourishment,ambiguous_projection,"Uses scenario/projection/model language but does not clearly state baseline, stress-case, high-emissions, or default-future framing in title/abstract.",projection_signal,False,False,False,True,False,rcp85;representative_concentration_pathway,not_reviewed,
https://openalex.org/W4381832957,2023,Climatic Change,Modelling climate analogue regions for a central European city,ambiguous_projection,"Uses scenario/projection/model language but does not clearly state baseline, stress-case, high-emissions, or default-future framing in title/abstract.",projection_signal;default_future_signal,False,False,False,True,True,rcp85,not_reviewed,
https://openalex.org/W4388223413,2023,Climatic Change,Partitioning model uncertainty in multi-model ensemble river flow projections,high_emissions_clear,Explicitly frames RCP8.5 as high-emissions or high-concentration.,high_emissions_signal;projection_signal,False,False,True,True,False,rcp85,not_reviewed,
https://openalex.org/W4382724103,2023,Climatic Change,"Past and future rainfall change in sub-regions of Victoria, Australia",high_emissions_clear,Explicitly frames RCP8.5 as high-emissions or high-concentration.,high_emissions_signal;projection_signal;default_future_signal,False,False,True,True,True,rcp85,not_reviewed,
https://openalex.org/W4388929435,2023,Climatic Change,Potential impacts of 1.5 °C and 2 °C global warming levels on drought modes over Eastern Africa,ambiguous_projection,"Uses scenario/projection/model language but does not clearly state baseline, stress-case, high-emissions, or default-future framing in title/abstract.",projection_signal,False,False,False,True,False,rcp85,not_reviewed,
https://openalex.org/W4323314187,2023,Climatic Change,The influence of future weather pattern changes and projected sea-level rise on coastal flood impacts around the UK,high_emissions_clear,Explicitly frames RCP8.5 as high-emissions or high-concentration.,high_emissions_signal;projection_signal;default_future_signal,False,False,True,True,True,rcp85,not_reviewed,
https://openalex.org/W4383198236,2023,Earth s Future,Coevolution of Extreme Sea Levels and Sea‐Level Rise Under Global Warming,ambiguous_projection,"Uses scenario/projection/model language but does not clearly state baseline, stress-case, high-emissions, or default-future framing in title/abstract.",projection_signal;default_future_signal,False,False,False,True,True,rcp85;representative_concentration_pathway,not_reviewed,
https://openalex.org/W4317884039,2023,Earth s Future,Fluvial Flood Losses in the Contiguous United States Under Climate Change,ambiguous_projection,"Uses scenario/projection/model language but does not clearly state baseline, stress-case, high-emissions, or default-future framing in title/abstract.",projection_signal,False,False,False,True,False,rcp85,not_reviewed,
https://openalex.org/W4327918796,2023,Earth s Future,Improving the Estimation of Nitrogen and Phosphorus Concentrations in Lakes and Reservoirs Using a Stacked Approach,ambiguous_projection,"Uses scenario/projection/model language but does not clearly state baseline, stress-case, high-emissions, or default-future framing in title/abstract.",projection_signal,False,False,False,True,False,rcp85,not_reviewed,
https://openalex.org/W4361010626,2023,Earth s Future,Melting Alpine Water Towers Aggravate Downstream Low Flows: A Stress‐Test Storyline Approach,ambiguous_projection,"Uses scenario/projection/model language but does not clearly state baseline, stress-case, high-emissions, or default-future framing in title/abstract.",projection_signal;default_future_signal,False,False,False,True,True,rcp85,not_reviewed,
https://openalex.org/W4365504933,2023,Earth s Future,Projections of Global Land Runoff Changes and Their Uncertainty Characteristics During the 21st Century,ambiguous_projection,"Uses scenario/projection/model language but does not clearly state baseline, stress-case, high-emissions, or default-future framing in title/abstract.",projection_signal,False,False,False,True,False,cmip6;rcp85,not_reviewed,
https://openalex.org/W4321018690,2023,Environmental Research Letters,Assessing the co-benefits of urban greening coupled with rainwater harvesting management under current and future climates across USA cities,high_emissions_clear,Explicitly frames RCP8.5 as high-emissions or high-concentration.,high_emissions_signal;projection_signal;default_future_signal,False,False,True,True,True,rcp85,not_reviewed,
https://openalex.org/W4318540742,2023,Environmental Research Letters,Future changes in extreme heatwaves in terms of intensity and duration over the CORDEX-East Asia Phase Two domain using multi-GCM and multi-RCM chains,ambiguous_projection,"Uses scenario/projection/model language but does not clearly state baseline, stress-case, high-emissions, or default-future framing in title/abstract.",projection_signal;default_future_signal,False,False,False,True,True,rcp85;representative_concentration_pathway;ssp585,not_reviewed,
https://openalex.org/W4315606048,2023,Environmental Research Letters,Future fire risk under climate change and deforestation scenarios in tropical Borneo,ambiguous_projection,"Uses scenario/projection/model language but does not clearly state baseline, stress-case, high-emissions, or default-future framing in title/abstract.",projection_signal,False,False,False,True,False,rcp85,not_reviewed,
https://openalex.org/W4376866874,2023,Environmental Research Letters,How will climate change affect the spatial coherence of streamflow and groundwater droughts in Great Britain?,ambiguous_projection,"Uses scenario/projection/model language but does not clearly state baseline, stress-case, high-emissions, or default-future framing in title/abstract.",projection_signal;default_future_signal,False,False,False,True,True,rcp85,not_reviewed,
https://openalex.org/W4319457502,2023,Environmental Research Letters,Increased wildfire hazard along South-Central Chile under the RCP8.5 scenario as revealed by high-resolution modeling,ambiguous_projection,"Uses scenario/projection/model language but does not clearly state baseline, stress-case, high-emissions, or default-future framing in title/abstract.",projection_signal,False,False,False,True,False,rcp85,not_reviewed,
https://openalex.org/W4384498185,2023,Environmental Research Letters,Nationwide projections of heat- and cold-related mortality impacts under various climate change and population development scenarios in Switzerland,ambiguous_projection,"Uses scenario/projection/model language but does not clearly state baseline, stress-case, high-emissions, or default-future framing in title/abstract.",projection_signal;default_future_signal,False,False,False,True,True,rcp85,not_reviewed,
https://openalex.org/W4322767318,2023,Environmental Research Letters,Potential changes in cooling degree day under different global warming levels and shared socioeconomic pathways in West Africa,ambiguous_projection,"Uses scenario/projection/model language but does not clearly state baseline, stress-case, high-emissions, or default-future framing in title/abstract.",projection_signal;default_future_signal,False,False,False,True,True,rcp85;representative_concentration_pathway,not_reviewed,
https://openalex.org/W4317728372,2023,Regional Environmental Change,Balancing disturbance risk and ecosystem service provisioning in Swiss mountain forests: an increasing challenge under climate change,ambiguous_projection,"Uses scenario/projection/model language but does not clearly state baseline, stress-case, high-emissions, or default-future framing in title/abstract.",projection_signal,False,False,False,True,False,rcp85,not_reviewed,
https://openalex.org/W4388849002,2023,Regional Environmental Change,Impacts of climate change on semi-natural alpine pastures productivity and floristic composition,ambiguous_projection,"Uses scenario/projection/model language but does not clearly state baseline, stress-case, high-emissions, or default-future framing in title/abstract.",projection_signal;default_future_signal,False,False,False,True,True,rcp85;representative_concentration_pathway,not_reviewed,
https://openalex.org/W4317788252,2023,Risk Analysis,Framework for multirisk climate scenarios across system receptors with application to the Metropolitan City of Venice,ambiguous_projection,"Uses scenario/projection/model language but does not clearly state baseline, stress-case, high-emissions, or default-future framing in title/abstract.",projection_signal,False,False,False,True,False,rcp85,not_reviewed,
https://openalex.org/W4391608058,2024,Climatic Change,Climate projections of human thermal comfort for indoor workplaces,ambiguous_projection,"Uses scenario/projection/model language but does not clearly state baseline, stress-case, high-emissions, or default-future framing in title/abstract.",projection_signal;default_future_signal,False,False,False,True,True,rcp85;representative_concentration_pathway,not_reviewed,
https://openalex.org/W4392126244,2024,Climatic Change,Flood risk assessment and adaptation under changing climate for the agricultural system in the Ghanaian White Volta Basin,default_future_implied,"Uses RCP8.5 as future climate conditions without clear scenario, stress, high-emissions, or baseline qualification in title/abstract.",default_future_signal,False,False,False,False,True,rcp85,not_reviewed,
https://openalex.org/W4403250217,2024,Climatic Change,Future aridity and drought risk for traditional and super-intensive olive orchards in Portugal,ambiguous_projection,"Uses scenario/projection/model language but does not clearly state baseline, stress-case, high-emissions, or default-future framing in title/abstract.",projection_signal,False,False,False,True,False,rcp85,not_reviewed,
https://openalex.org/W4401937001,2024,Climatic Change,Unveiling the future water pulse of central asia: a comprehensive 21st century hydrological forecast from stochastic water balance modeling,ambiguous_projection,"Uses scenario/projection/model language but does not clearly state baseline, stress-case, high-emissions, or default-future framing in title/abstract.",projection_signal,False,False,False,True,False,rcp85;ssp585,not_reviewed,
https://openalex.org/W4391751295,2024,Earth s Future,Climate Change Will Impact Surface Water Extents and Dynamics Across the Central United States,ambiguous_projection,"Uses scenario/projection/model language but does not clearly state baseline, stress-case, high-emissions, or default-future framing in title/abstract.",projection_signal;default_future_signal,False,False,False,True,True,rcp85,not_reviewed,
https://openalex.org/W4404866468,2024,Earth s Future,Dynamical Factors Heavily Modulate the Future Increase of Sub‐Daily Extreme Precipitation in the Alpine‐Mediterranean Region,ambiguous_projection,"Uses scenario/projection/model language but does not clearly state baseline, stress-case, high-emissions, or default-future framing in title/abstract.",projection_signal,False,False,False,True,False,rcp85,not_reviewed,
https://openalex.org/W4400694417,2024,Earth s Future,"Future Climate Change Shifts the Ranges of Major Encroaching Woody Plant Species in the Southern Great Plains, USA",ambiguous_projection,"Uses scenario/projection/model language but does not clearly state baseline, stress-case, high-emissions, or default-future framing in title/abstract.",projection_signal;default_future_signal,False,False,False,True,True,rcp85,not_reviewed,
https://openalex.org/W4390691481,2024,Earth s Future,Global Impact of Sea Level Rise on Coastal Fresh Groundwater Resources,ambiguous_projection,"Uses scenario/projection/model language but does not clearly state baseline, stress-case, high-emissions, or default-future framing in title/abstract.",projection_signal;default_future_signal,False,False,False,True,True,rcp85;representative_concentration_pathway,not_reviewed,
https://openalex.org/W4400921283,2024,Earth s Future,How to Achieve a 50% Reduction in Nutrient Losses From Agricultural Catchments Under Different Climate Trajectories?,ambiguous_projection,"Uses scenario/projection/model language but does not clearly state baseline, stress-case, high-emissions, or default-future framing in title/abstract.",projection_signal;default_future_signal,False,False,False,True,True,rcp85,not_reviewed,
https://openalex.org/W4390939048,2024,Earth s Future,Impact of Anthropogenic Warming on Future Unprecedented Droughts in California: Insights From Multiple Indices and Multi‐Model Projections,ambiguous_projection,"Uses scenario/projection/model language but does not clearly state baseline, stress-case, high-emissions, or default-future framing in title/abstract.",projection_signal,False,False,False,True,False,rcp85,not_reviewed,
https://openalex.org/W4395960241,2024,Earth s Future,Impact of Soil Moisture Dynamics and Precipitation Pattern on UK Urban Pluvial Flood Hazards Under Climate Change,ambiguous_projection,"Uses scenario/projection/model language but does not clearly state baseline, stress-case, high-emissions, or default-future framing in title/abstract.",projection_signal,False,False,False,True,False,rcp85,not_reviewed,
https://openalex.org/W4401680919,2024,Earth s Future,Joint Occurrence of Extreme Water Level and River Flows in St. Lawrence River Coasts Under Present and Sea Level Rise Conditions,ambiguous_projection,"Uses scenario/projection/model language but does not clearly state baseline, stress-case, high-emissions, or default-future framing in title/abstract.",projection_signal,False,False,False,True,False,rcp85,not_reviewed,
https://openalex.org/W4395084469,2024,Earth s Future,Predicting Future Trends of Terrestrial Dissolved Organic Carbon Transport to Global River Systems,ambiguous_projection,"Uses scenario/projection/model language but does not clearly state baseline, stress-case, high-emissions, or default-future framing in title/abstract.",projection_signal;default_future_signal,False,False,False,True,True,rcp85,not_reviewed,
https://openalex.org/W4400697330,2024,Earth s Future,Projected Thermally Driven Elderly Mortality for Beijing Under Greenhouse Gas and Stratospheric Aerosol Geoengineering Scenarios,ambiguous_projection,"Uses scenario/projection/model language but does not clearly state baseline, stress-case, high-emissions, or default-future framing in title/abstract.",projection_signal;default_future_signal,False,False,False,True,True,rcp85,not_reviewed,
https://openalex.org/W4399908100,2024,Environmental Research Letters,Climate change in the Canary/Iberia upwelling region: the role of ocean stratification and wind,ambiguous_projection,"Uses scenario/projection/model language but does not clearly state baseline, stress-case, high-emissions, or default-future framing in title/abstract.",projection_signal;default_future_signal,False,False,False,True,True,rcp85,not_reviewed,
https://openalex.org/W4404332081,2024,Environmental Research Letters,Climate variability and worldwide migration: current evidence and future projections,ambiguous_projection,"Uses scenario/projection/model language but does not clearly state baseline, stress-case, high-emissions, or default-future framing in title/abstract.",projection_signal,False,False,False,True,False,rcp85,not_reviewed,
https://openalex.org/W4401630274,2024,Environmental Research Letters,Future increases in soil moisture drought frequency at UK monitoring sites: merging the JULES land model with observations and convection-permitting UK climate projections,high_emissions_clear,Explicitly frames RCP8.5 as high-emissions or high-concentration.,high_emissions_signal;projection_signal,False,False,True,True,False,rcp85,not_reviewed,
https://openalex.org/W4391592864,2024,Environmental Research Letters,Geographic variation in projected US forest aboveground carbon responses to climate change and atmospheric deposition,baseline_or_bau,"Explicitly frames RCP8.5 as business-as-usual, baseline, reference, no-policy, or comparable default/reference case.",baseline_or_bau_signal;projection_signal;default_future_signal,True,False,False,True,True,rcp85,not_reviewed,
https://openalex.org/W4392281372,2024,Environmental Research Letters,Health cost impacts of extreme temperature on older adults based on city-level data from 28 provinces in China,ambiguous_projection,"Uses scenario/projection/model language but does not clearly state baseline, stress-case, high-emissions, or default-future framing in title/abstract.",projection_signal,False,False,False,True,False,rcp85,not_reviewed,
https://openalex.org/W4404734425,2024,Environmental Research Letters,Increased population exposure to extreme droughts in Iberia due to 0.5 °C additional anthropogenic warming,high_emissions_clear,Explicitly frames RCP8.5 as high-emissions or high-concentration.,high_emissions_signal;projection_signal,False,False,True,True,False,rcp85,not_reviewed,
https://openalex.org/W4405332011,2024,Environmental Research Letters,Population exposed to compound extreme hot &amp; humid and wet &amp; windy events in Africa,ambiguous_projection,"Uses scenario/projection/model language but does not clearly state baseline, stress-case, high-emissions, or default-future framing in title/abstract.",projection_signal,False,False,False,True,False,rcp85;representative_concentration_pathway,not_reviewed,
https://openalex.org/W4404780778,2024,Environmental Research Letters,Quantifying food security and mitigation risks consequential to climate change impacts on crop yields,stress_case_clear,"Explicitly frames RCP8.5 as a stress case, worst case, high-end, upper-bound, extreme, pessimistic, or severe scenario.",stress_case_signal;projection_signal;default_future_signal,False,True,False,True,True,rcp85;representative_concentration_pathway,not_reviewed,
https://openalex.org/W4393925191,2024,Environmental Research Letters,The potential of urban trees to reduce heat-related mortality in London,ambiguous_projection,"Uses scenario/projection/model language but does not clearly state baseline, stress-case, high-emissions, or default-future framing in title/abstract.",projection_signal,False,False,False,True,False,rcp85,not_reviewed,
https://openalex.org/W4392671750,2024,Global Environmental Change,Warming-and-wetting trend over the China’s drylands: Observational evidence and future projection,ambiguous_projection,"Uses scenario/projection/model language but does not clearly state baseline, stress-case, high-emissions, or default-future framing in title/abstract.",projection_signal;default_future_signal,False,False,False,True,True,rcp85,not_reviewed,
https://openalex.org/W4402005034,2024,Nature Climate Change,Climate change will exacerbate land conflict between agriculture and timber production,ambiguous_projection,"Uses scenario/projection/model language but does not clearly state baseline, stress-case, high-emissions, or default-future framing in title/abstract.",projection_signal;default_future_signal,False,False,False,True,True,rcp85;representative_concentration_pathway,not_reviewed,
https://openalex.org/W4394979944,2024,Regional Environmental Change,Consequence of habitat specificity: a rising risk of habitat loss for endemic and sub-endemic woody species under climate change in the Hyrcanian ecoregion,ambiguous_projection,"Uses scenario/projection/model language but does not clearly state baseline, stress-case, high-emissions, or default-future framing in title/abstract.",projection_signal;default_future_signal,False,False,False,True,True,rcp85,not_reviewed,
https://openalex.org/W4410288297,2025,Climatic Change,An assessment of ocean thermal energy conversion resources and climate change mitigation potential,high_emissions_clear,Explicitly frames RCP8.5 as high-emissions or high-concentration.,high_emissions_signal;projection_signal;default_future_signal,False,False,True,True,True,rcp85,not_reviewed,
https://openalex.org/W4406706211,2025,Climatic Change,Projected marine heatwaves over the Mediterranean Sea and the network of marine protected areas: a three-dimensional assessment,ambiguous_projection,"Uses scenario/projection/model language but does not clearly state baseline, stress-case, high-emissions, or default-future framing in title/abstract.",projection_signal,False,False,False,True,False,rcp85,not_reviewed,
https://openalex.org/W4407556457,2025,Earth s Future,Characterizing Compound Inland Flooding Mechanisms and Risks in North America Under Climate Change,high_emissions_clear,Explicitly frames RCP8.5 as high-emissions or high-concentration.,high_emissions_signal;projection_signal,False,False,True,True,False,rcp85,not_reviewed,
https://openalex.org/W4417056189,2025,Earth s Future,Climate Change Likely to Intensify Storm‐Driven Compound Flooding in an Exemplar UK Estuary,ambiguous_projection,"Uses scenario/projection/model language but does not clearly state baseline, stress-case, high-emissions, or default-future framing in title/abstract.",projection_signal,False,False,False,True,False,rcp85,not_reviewed,
https://openalex.org/W4409379377,2025,Earth s Future,Current Interventions Are Inadequate to Maintain Cities' Resilience During Concurrent Drought and Excessive Heat,ambiguous_projection,"Uses scenario/projection/model language but does not clearly state baseline, stress-case, high-emissions, or default-future framing in title/abstract.",projection_signal;default_future_signal,False,False,False,True,True,rcp85,not_reviewed,
https://openalex.org/W4408676900,2025,Earth s Future,Effects of Urbanization and Climate Change on Heat Stress Under Relatively Dry and Wet Warm Conditions in a Semi‐Arid Urban Environment,ambiguous_projection,"Uses scenario/projection/model language but does not clearly state baseline, stress-case, high-emissions, or default-future framing in title/abstract.",projection_signal,False,False,False,True,False,rcp85,not_reviewed,
https://openalex.org/W4408751133,2025,Earth s Future,Future Soil Erosion Risk in China: Differences in Erosion Driven by General and Extreme Precipitation Under Climate Change,ambiguous_projection,"Uses scenario/projection/model language but does not clearly state baseline, stress-case, high-emissions, or default-future framing in title/abstract.",projection_signal,False,False,False,True,False,rcp85,not_reviewed,
https://openalex.org/W4409180860,2025,Earth s Future,Future Wave Climate in the Mediterranean Sea and Associated Uncertainty From an Ensemble of 31 GCM‐RCM Wave Simulations,ambiguous_projection,"Uses scenario/projection/model language but does not clearly state baseline, stress-case, high-emissions, or default-future framing in title/abstract.",projection_signal,False,False,False,True,False,rcp85,not_reviewed,
https://openalex.org/W7115192278,2025,Earth s Future,Increased Streamflow Intermittence in Europe Due To Climate Change Projected by Combining Global Hydrological Modeling and Machine Learning,ambiguous_projection,"Uses scenario/projection/model language but does not clearly state baseline, stress-case, high-emissions, or default-future framing in title/abstract.",projection_signal;default_future_signal,False,False,False,True,True,rcp85,not_reviewed,
https://openalex.org/W4415767750,2025,Earth s Future,Projecting Future Flood Losses to Company Assets in Europe: The Role of Precautionary Measures,ambiguous_projection,"Uses scenario/projection/model language but does not clearly state baseline, stress-case, high-emissions, or default-future framing in title/abstract.",projection_signal,False,False,False,True,False,rcp85,not_reviewed,
https://openalex.org/W4413901481,2025,Earth s Future,Revisiting the Role of China's Protected Areas in Carbon Storage,high_emissions_clear,Explicitly frames RCP8.5 as high-emissions or high-concentration.,high_emissions_signal;projection_signal,False,False,True,True,False,rcp85,not_reviewed,
https://openalex.org/W4407163298,2025,Environmental Research Letters,Attribution and projection of regional winter wind energy drought in Europe,ambiguous_projection,"Uses scenario/projection/model language but does not clearly state baseline, stress-case, high-emissions, or default-future framing in title/abstract.",projection_signal;default_future_signal,False,False,False,True,True,rcp85,not_reviewed,
https://openalex.org/W4415349211,2025,Environmental Research Letters,Climate change impacts on Robusta coffee production in Vietnam,ambiguous_projection,"Uses scenario/projection/model language but does not clearly state baseline, stress-case, high-emissions, or default-future framing in title/abstract.",projection_signal,False,False,False,True,False,rcp85,not_reviewed,
https://openalex.org/W4413783360,2025,Environmental Research Letters,Direct cooling effect of artificial upwelling dominates over its marine carbon dioxide removal potential,ambiguous_projection,"Uses scenario/projection/model language but does not clearly state baseline, stress-case, high-emissions, or default-future framing in title/abstract.",projection_signal,False,False,False,True,False,rcp85,not_reviewed,
https://openalex.org/W4412938325,2025,Environmental Research Letters,Hydro-climatological changes and mine water management challenges in Canada under climate change,ambiguous_projection,"Uses scenario/projection/model language but does not clearly state baseline, stress-case, high-emissions, or default-future framing in title/abstract.",projection_signal,False,False,False,True,False,rcp85,not_reviewed,
https://openalex.org/W7115903649,2025,Environmental Research Letters,Increasing glacial lake outburst flood hazard on the eastern Tibetan Plateau and implications for the Sichuan–Tibet Railway,ambiguous_projection,"Uses scenario/projection/model language but does not clearly state baseline, stress-case, high-emissions, or default-future framing in title/abstract.",projection_signal;default_future_signal,False,False,False,True,True,rcp85,not_reviewed,
https://openalex.org/W4412738053,2025,Environmental Research Letters,"Predicted expansion of beaver pond distribution in Arctic Alaska, 1910–2090",ambiguous_projection,"Uses scenario/projection/model language but does not clearly state baseline, stress-case, high-emissions, or default-future framing in title/abstract.",projection_signal;default_future_signal,False,False,False,True,True,rcp85,not_reviewed,
https://openalex.org/W4406880910,2025,Environmental Research Letters,Refined climatologies of future precipitation over High Mountain Asia using probabilistic ensemble learning,ambiguous_projection,"Uses scenario/projection/model language but does not clearly state baseline, stress-case, high-emissions, or default-future framing in title/abstract.",projection_signal,False,False,False,True,False,rcp85,not_reviewed,
https://openalex.org/W4414699627,2025,Environmental Research Letters,Wheat breeding trials will lose climate relevance in Europe,high_emissions_clear,Explicitly frames RCP8.5 as high-emissions or high-concentration.,high_emissions_signal;projection_signal;default_future_signal,False,False,True,True,True,rcp85,not_reviewed,
https://openalex.org/W4409648400,2025,Mitigation and Adaptation Strategies for Global Change,Extreme weather events and crop diversification: climate change adaptation in Brazil,ambiguous_projection,"Uses scenario/projection/model language but does not clearly state baseline, stress-case, high-emissions, or default-future framing in title/abstract.",projection_signal;default_future_signal,False,False,False,True,True,rcp85,not_reviewed,
https://openalex.org/W4410416962,2025,Mitigation and Adaptation Strategies for Global Change,Modelling the climate change adaptation potential of no-tillage maize systems in southern Africa,ambiguous_projection,"Uses scenario/projection/model language but does not clearly state baseline, stress-case, high-emissions, or default-future framing in title/abstract.",projection_signal;default_future_signal,False,False,False,True,True,rcp85;representative_concentration_pathway,not_reviewed,
https://openalex.org/W4411109404,2025,Regional Environmental Change,Assessing the impact of climate change on solar energy production in Italy,ambiguous_projection,"Uses scenario/projection/model language but does not clearly state baseline, stress-case, high-emissions, or default-future framing in title/abstract.",projection_signal,False,False,False,True,False,rcp85;representative_concentration_pathway,not_reviewed,
https://openalex.org/W7130824990,2026,Climatic Change,Assessing climate change impacts on aircraft takeoff performance: potential consequences of increasing high-temperature extremes at Euro-Mediterranean airports,high_emissions_clear,Explicitly frames RCP8.5 as high-emissions or high-concentration.,high_emissions_signal;projection_signal;default_future_signal,False,False,True,True,True,rcp85,not_reviewed,
https://openalex.org/W7138879809,2026,Earth s Future,Externally‐Forced Changes to Southern Hemisphere Stratosphere‐Troposphere Coupling Variability,ambiguous_projection,"Uses scenario/projection/model language but does not clearly state baseline, stress-case, high-emissions, or default-future framing in title/abstract.",projection_signal,False,False,False,True,False,rcp85,not_reviewed,
https://openalex.org/W7119484774,2026,Environmental Research Letters,Classifying pan-Arctic supra-permafrost aquifer function under present and projected conditions,ambiguous_projection,"Uses scenario/projection/model language but does not clearly state baseline, stress-case, high-emissions, or default-future framing in title/abstract.",projection_signal,False,False,False,True,False,rcp85,not_reviewed,
https://openalex.org/W7161112844,2026,Environmental Research Letters,Future health and economic impacts of extreme heat on older adults: a subnational analysis for Europe,high_emissions_clear,Explicitly frames RCP8.5 as high-emissions or high-concentration.,high_emissions_signal;projection_signal,False,False,True,True,False,rcp85,not_reviewed,
https://openalex.org/W7128298197,2026,Mitigation and Adaptation Strategies for Global Change,Ozone burden in a changing climate – contrasting the costs of emission controls and benefits for health and agriculture in Austria,high_emissions_clear,Explicitly frames RCP8.5 as high-emissions or high-concentration.,high_emissions_signal;projection_signal;default_future_signal,False,False,True,True,True,rcp85,not_reviewed,
https://openalex.org/W7124440847,2026,Regional Environmental Change,Comparing set-aside and active management strategies for forest mitigation under climate change: the moderating role of windthrow,baseline_or_bau,"Explicitly frames RCP8.5 as business-as-usual, baseline, reference, no-policy, or comparable default/reference case.",baseline_or_bau_signal;projection_signal,True,False,False,True,False,rcp85,not_reviewed,
https://openalex.org/W7140143424,2026,Weather Climate and Society,Future meteorological droughts and local adaptation in the social-ecological participatory observatory Mapimí in arid northern Mexico,ambiguous_projection,"Uses scenario/projection/model language but does not clearly state baseline, stress-case, high-emissions, or default-future framing in title/abstract.",projection_signal,False,False,False,True,False,rcp85,not_reviewed,
