run_date,database_or_index,query_family,query_id,exact_query_string,filters,window,raw_count,retained_count,notes
2026-05-27T12:09:11-04:00,OpenAlex,scenario variant harvest,openalex-search-rcp8-dot-5-2010-2026-05-27,GET /works?search=RCP8.5,"from_publication_date:2010-01-01,to_publication_date:2026-05-27,type:article,is_paratext:false",2010 through 2026-05-27,20110,20110,"OpenAlex search covers title, abstract, and indexed full text; returned records are classified only from title/abstract/keywords."
2026-05-27T12:09:11-04:00,OpenAlex,scenario variant harvest,openalex-search-rcp-space-8-dot-5-2010-2026-05-27,GET /works?search=RCP 8.5,"from_publication_date:2010-01-01,to_publication_date:2026-05-27,type:article,is_paratext:false",2010 through 2026-05-27,19882,19882,"OpenAlex search covers title, abstract, and indexed full text; returned records are classified only from title/abstract/keywords."
2026-05-27T12:09:11-04:00,OpenAlex,scenario variant harvest,openalex-search-rcp85-2010-2026-05-27,GET /works?search=RCP85,"from_publication_date:2010-01-01,to_publication_date:2026-05-27,type:article,is_paratext:false",2010 through 2026-05-27,731,731,"OpenAlex search covers title, abstract, and indexed full text; returned records are classified only from title/abstract/keywords."
2026-05-27T12:09:11-04:00,OpenAlex,scenario variant harvest,openalex-search-rcp-hyphen-8-dot-5-2010-2026-05-27,GET /works?search=RCP-8.5,"from_publication_date:2010-01-01,to_publication_date:2026-05-27,type:article,is_paratext:false",2010 through 2026-05-27,19882,19882,"OpenAlex search covers title, abstract, and indexed full text; returned records are classified only from title/abstract/keywords."
2026-05-27T12:09:11-04:00,OpenAlex,scenario variant harvest,openalex-search-ssp5-hyphen-8-dot-5-2010-2026-05-27,GET /works?search=SSP5-8.5,"from_publication_date:2010-01-01,to_publication_date:2026-05-27,type:article,is_paratext:false",2010 through 2026-05-27,8584,8584,"OpenAlex search covers title, abstract, and indexed full text; returned records are classified only from title/abstract/keywords."
2026-05-27T12:09:11-04:00,OpenAlex,scenario variant harvest,openalex-search-ssp585-2010-2026-05-27,GET /works?search=SSP585,"from_publication_date:2010-01-01,to_publication_date:2026-05-27,type:article,is_paratext:false",2010 through 2026-05-27,3745,3745,"OpenAlex search covers title, abstract, and indexed full text; returned records are classified only from title/abstract/keywords."
2026-05-27T12:09:11-04:00,Crossref,scenario variant harvest,crossref-query-rcp8-dot-5-2010-2026-05-27,GET /works?query=RCP8.5,"from-pub-date:2010-01-01,until-pub-date:2026-05-27,type:journal-article",2010 through 2026-05-27,7,6,"Crossref query is a relevance search over deposited metadata, not exact full-text search. Large ambiguous result sets are capped before local exact filtering."
2026-05-27T12:09:11-04:00,Crossref,scenario variant harvest,crossref-query-rcp-space-8-dot-5-2010-2026-05-27,GET /works?query=RCP 8.5,"from-pub-date:2010-01-01,until-pub-date:2026-05-27,type:journal-article",2010 through 2026-05-27,1893,156,"Crossref query is a relevance search over deposited metadata, not exact full-text search. Large ambiguous result sets are capped before local exact filtering."
2026-05-27T12:09:11-04:00,Crossref,scenario variant harvest,crossref-query-rcp85-2010-2026-05-27,GET /works?query=RCP85,"from-pub-date:2010-01-01,until-pub-date:2026-05-27,type:journal-article",2010 through 2026-05-27,0,0,"Crossref query is a relevance search over deposited metadata, not exact full-text search. Large ambiguous result sets are capped before local exact filtering."
2026-05-27T12:09:11-04:00,Crossref,scenario variant harvest,crossref-query-rcp-hyphen-8-dot-5-2010-2026-05-27,GET /works?query=RCP-8.5,"from-pub-date:2010-01-01,until-pub-date:2026-05-27,type:journal-article",2010 through 2026-05-27,1893,156,"Crossref query is a relevance search over deposited metadata, not exact full-text search. Large ambiguous result sets are capped before local exact filtering."
2026-05-27T12:09:11-04:00,Crossref,scenario variant harvest,crossref-query-ssp5-hyphen-8-dot-5-2010-2026-05-27,GET /works?query=SSP5-8.5,"from-pub-date:2010-01-01,until-pub-date:2026-05-27,type:journal-article",2010 through 2026-05-27,39,31,"Crossref query is a relevance search over deposited metadata, not exact full-text search. Large ambiguous result sets are capped before local exact filtering."
2026-05-27T12:09:11-04:00,Crossref,scenario variant harvest,crossref-query-ssp585-2010-2026-05-27,GET /works?query=SSP585,"from-pub-date:2010-01-01,until-pub-date:2026-05-27,type:journal-article",2010 through 2026-05-27,7,7,"Crossref query is a relevance search over deposited metadata, not exact full-text search. Large ambiguous result sets are capped before local exact filtering."
2026-05-27T12:09:11-04:00,local exact index over harvested metadata,scenario variant,local-rcp8-dot-5-2010-2020 inclusive,scenario_variant_regex=(?<![A-Za-z0-9_-])RCP\s*8\.5(?![A-Za-z0-9_-]),deduped OpenAlex/Crossref records; title/abstract/keywords metadata only,2010-2020 inclusive,10425,10425,This is the local exact scenario spelling count after source-database harvest and deduplication.
2026-05-27T12:09:11-04:00,local exact index over harvested metadata,scenario plus BAU/default term,local-rcp8-dot-5-business-space-as-space-usual-2010-2020 inclusive,scenario_variant_regex=(?<![A-Za-z0-9_-])RCP\s*8\.5(?![A-Za-z0-9_-]) AND context_regex=(?<![A-Za-z0-9_-])business\s+as\s+usual(?![A-Za-z0-9_-]),deduped OpenAlex/Crossref records; title/abstract/keywords metadata only,2010-2020 inclusive,65,65,Required paired query family. Count is conservative because only returned metadata was classified; full text was not retrieved.
2026-05-27T12:09:11-04:00,local exact index over harvested metadata,scenario plus BAU/default term,local-rcp8-dot-5-business-hyphen-as-hyphen-usual-2010-2020 inclusive,scenario_variant_regex=(?<![A-Za-z0-9_-])RCP\s*8\.5(?![A-Za-z0-9_-]) AND context_regex=(?<![A-Za-z0-9_-])business-as-usual(?![A-Za-z0-9_-]),deduped OpenAlex/Crossref records; title/abstract/keywords metadata only,2010-2020 inclusive,117,117,Required paired query family. Count is conservative because only returned metadata was classified; full text was not retrieved.
2026-05-27T12:09:11-04:00,local exact index over harvested metadata,scenario plus BAU/default term,local-rcp8-dot-5-bau-2010-2020 inclusive,scenario_variant_regex=(?<![A-Za-z0-9_-])RCP\s*8\.5(?![A-Za-z0-9_-]) AND context_regex=(?<![A-Za-z0-9_-])BAU(?![A-Za-z0-9_-]),deduped OpenAlex/Crossref records; title/abstract/keywords metadata only,2010-2020 inclusive,13,13,Required paired query family. Count is conservative because only returned metadata was classified; full text was not retrieved.
2026-05-27T12:09:11-04:00,local exact index over harvested metadata,scenario plus BAU/default term,local-rcp8-dot-5-baseline-2010-2020 inclusive,scenario_variant_regex=(?<![A-Za-z0-9_-])RCP\s*8\.5(?![A-Za-z0-9_-]) AND context_regex=(?<![A-Za-z0-9_-])baselines?(?![A-Za-z0-9_-]),deduped OpenAlex/Crossref records; title/abstract/keywords metadata only,2010-2020 inclusive,637,637,Required paired query family. Count is conservative because only returned metadata was classified; full text was not retrieved.
2026-05-27T12:09:11-04:00,local exact index over harvested metadata,scenario plus BAU/default term,local-rcp8-dot-5-no-space-policy-2010-2020 inclusive,scenario_variant_regex=(?<![A-Za-z0-9_-])RCP\s*8\.5(?![A-Za-z0-9_-]) AND context_regex=(?<![A-Za-z0-9_-])no\s+policy(?![A-Za-z0-9_-]),deduped OpenAlex/Crossref records; title/abstract/keywords metadata only,2010-2020 inclusive,1,1,Required paired query family. Count is conservative because only returned metadata was classified; full text was not retrieved.
2026-05-27T12:09:11-04:00,local exact index over harvested metadata,scenario plus BAU/default term,local-rcp8-dot-5-no-hyphen-policy-2010-2020 inclusive,scenario_variant_regex=(?<![A-Za-z0-9_-])RCP\s*8\.5(?![A-Za-z0-9_-]) AND context_regex=(?<![A-Za-z0-9_-])no-policy(?![A-Za-z0-9_-]),deduped OpenAlex/Crossref records; title/abstract/keywords metadata only,2010-2020 inclusive,0,0,Required paired query family. Count is conservative because only returned metadata was classified; full text was not retrieved.
2026-05-27T12:09:11-04:00,local exact index over harvested metadata,scenario plus BAU/default term,local-rcp8-dot-5-no-space-additional-space-action-2010-2020 inclusive,scenario_variant_regex=(?<![A-Za-z0-9_-])RCP\s*8\.5(?![A-Za-z0-9_-]) AND context_regex=(?<![A-Za-z0-9_-])no\s+additional\s+action(?![A-Za-z0-9_-]),deduped OpenAlex/Crossref records; title/abstract/keywords metadata only,2010-2020 inclusive,0,0,Required paired query family. Count is conservative because only returned metadata was classified; full text was not retrieved.
2026-05-27T12:09:11-04:00,local exact index over harvested metadata,scenario plus BAU/default term,local-rcp8-dot-5-current-space-policies-2010-2020 inclusive,scenario_variant_regex=(?<![A-Za-z0-9_-])RCP\s*8\.5(?![A-Za-z0-9_-]) AND context_regex=(?<![A-Za-z0-9_-])current\s+polic(?:y|ies)(?![A-Za-z0-9_-]),deduped OpenAlex/Crossref records; title/abstract/keywords metadata only,2010-2020 inclusive,3,3,Required paired query family. Count is conservative because only returned metadata was classified; full text was not retrieved.
2026-05-27T12:09:11-04:00,local exact index over harvested metadata,scenario plus BAU/default term,local-rcp8-dot-5-default-space-future-2010-2020 inclusive,scenario_variant_regex=(?<![A-Za-z0-9_-])RCP\s*8\.5(?![A-Za-z0-9_-]) AND context_regex=(?<![A-Za-z0-9_-])default\s+future(?![A-Za-z0-9_-]),deduped OpenAlex/Crossref records; title/abstract/keywords metadata only,2010-2020 inclusive,0,0,Required paired query family. Count is conservative because only returned metadata was classified; full text was not retrieved.
2026-05-27T12:09:11-04:00,local exact index over harvested metadata,scenario plus BAU/default term,local-rcp8-dot-5-likely-space-future-2010-2020 inclusive,scenario_variant_regex=(?<![A-Za-z0-9_-])RCP\s*8\.5(?![A-Za-z0-9_-]) AND context_regex=(?<![A-Za-z0-9_-])likely\s+future(?![A-Za-z0-9_-]),deduped OpenAlex/Crossref records; title/abstract/keywords metadata only,2010-2020 inclusive,16,16,Required paired query family. Count is conservative because only returned metadata was classified; full text was not retrieved.
2026-05-27T12:09:11-04:00,local exact index over harvested metadata,scenario variant,local-rcp-space-8-dot-5-2010-2020 inclusive,scenario_variant_regex=(?<![A-Za-z0-9_-])RCP\s+8\.5(?![A-Za-z0-9_-]),deduped OpenAlex/Crossref records; title/abstract/keywords metadata only,2010-2020 inclusive,7648,7648,This is the local exact scenario spelling count after source-database harvest and deduplication.
2026-05-27T12:09:11-04:00,local exact index over harvested metadata,scenario plus BAU/default term,local-rcp-space-8-dot-5-business-space-as-space-usual-2010-2020 inclusive,scenario_variant_regex=(?<![A-Za-z0-9_-])RCP\s+8\.5(?![A-Za-z0-9_-]) AND context_regex=(?<![A-Za-z0-9_-])business\s+as\s+usual(?![A-Za-z0-9_-]),deduped OpenAlex/Crossref records; title/abstract/keywords metadata only,2010-2020 inclusive,31,31,Required paired query family. Count is conservative because only returned metadata was classified; full text was not retrieved.
2026-05-27T12:09:11-04:00,local exact index over harvested metadata,scenario plus BAU/default term,local-rcp-space-8-dot-5-business-hyphen-as-hyphen-usual-2010-2020 inclusive,scenario_variant_regex=(?<![A-Za-z0-9_-])RCP\s+8\.5(?![A-Za-z0-9_-]) AND context_regex=(?<![A-Za-z0-9_-])business-as-usual(?![A-Za-z0-9_-]),deduped OpenAlex/Crossref records; title/abstract/keywords metadata only,2010-2020 inclusive,68,68,Required paired query family. Count is conservative because only returned metadata was classified; full text was not retrieved.
2026-05-27T12:09:11-04:00,local exact index over harvested metadata,scenario plus BAU/default term,local-rcp-space-8-dot-5-bau-2010-2020 inclusive,scenario_variant_regex=(?<![A-Za-z0-9_-])RCP\s+8\.5(?![A-Za-z0-9_-]) AND context_regex=(?<![A-Za-z0-9_-])BAU(?![A-Za-z0-9_-]),deduped OpenAlex/Crossref records; title/abstract/keywords metadata only,2010-2020 inclusive,16,16,Required paired query family. Count is conservative because only returned metadata was classified; full text was not retrieved.
2026-05-27T12:09:11-04:00,local exact index over harvested metadata,scenario plus BAU/default term,local-rcp-space-8-dot-5-baseline-2010-2020 inclusive,scenario_variant_regex=(?<![A-Za-z0-9_-])RCP\s+8\.5(?![A-Za-z0-9_-]) AND context_regex=(?<![A-Za-z0-9_-])baselines?(?![A-Za-z0-9_-]),deduped OpenAlex/Crossref records; title/abstract/keywords metadata only,2010-2020 inclusive,448,448,Required paired query family. Count is conservative because only returned metadata was classified; full text was not retrieved.
2026-05-27T12:09:11-04:00,local exact index over harvested metadata,scenario plus BAU/default term,local-rcp-space-8-dot-5-no-space-policy-2010-2020 inclusive,scenario_variant_regex=(?<![A-Za-z0-9_-])RCP\s+8\.5(?![A-Za-z0-9_-]) AND context_regex=(?<![A-Za-z0-9_-])no\s+policy(?![A-Za-z0-9_-]),deduped OpenAlex/Crossref records; title/abstract/keywords metadata only,2010-2020 inclusive,0,0,Required paired query family. Count is conservative because only returned metadata was classified; full text was not retrieved.
2026-05-27T12:09:11-04:00,local exact index over harvested metadata,scenario plus BAU/default term,local-rcp-space-8-dot-5-no-hyphen-policy-2010-2020 inclusive,scenario_variant_regex=(?<![A-Za-z0-9_-])RCP\s+8\.5(?![A-Za-z0-9_-]) AND context_regex=(?<![A-Za-z0-9_-])no-policy(?![A-Za-z0-9_-]),deduped OpenAlex/Crossref records; title/abstract/keywords metadata only,2010-2020 inclusive,1,1,Required paired query family. Count is conservative because only returned metadata was classified; full text was not retrieved.
2026-05-27T12:09:11-04:00,local exact index over harvested metadata,scenario plus BAU/default term,local-rcp-space-8-dot-5-no-space-additional-space-action-2010-2020 inclusive,scenario_variant_regex=(?<![A-Za-z0-9_-])RCP\s+8\.5(?![A-Za-z0-9_-]) AND context_regex=(?<![A-Za-z0-9_-])no\s+additional\s+action(?![A-Za-z0-9_-]),deduped OpenAlex/Crossref records; title/abstract/keywords metadata only,2010-2020 inclusive,0,0,Required paired query family. Count is conservative because only returned metadata was classified; full text was not retrieved.
2026-05-27T12:09:11-04:00,local exact index over harvested metadata,scenario plus BAU/default term,local-rcp-space-8-dot-5-current-space-policies-2010-2020 inclusive,scenario_variant_regex=(?<![A-Za-z0-9_-])RCP\s+8\.5(?![A-Za-z0-9_-]) AND context_regex=(?<![A-Za-z0-9_-])current\s+polic(?:y|ies)(?![A-Za-z0-9_-]),deduped OpenAlex/Crossref records; title/abstract/keywords metadata only,2010-2020 inclusive,2,2,Required paired query family. Count is conservative because only returned metadata was classified; full text was not retrieved.
2026-05-27T12:09:11-04:00,local exact index over harvested metadata,scenario plus BAU/default term,local-rcp-space-8-dot-5-default-space-future-2010-2020 inclusive,scenario_variant_regex=(?<![A-Za-z0-9_-])RCP\s+8\.5(?![A-Za-z0-9_-]) AND context_regex=(?<![A-Za-z0-9_-])default\s+future(?![A-Za-z0-9_-]),deduped OpenAlex/Crossref records; title/abstract/keywords metadata only,2010-2020 inclusive,0,0,Required paired query family. Count is conservative because only returned metadata was classified; full text was not retrieved.
2026-05-27T12:09:11-04:00,local exact index over harvested metadata,scenario plus BAU/default term,local-rcp-space-8-dot-5-likely-space-future-2010-2020 inclusive,scenario_variant_regex=(?<![A-Za-z0-9_-])RCP\s+8\.5(?![A-Za-z0-9_-]) AND context_regex=(?<![A-Za-z0-9_-])likely\s+future(?![A-Za-z0-9_-]),deduped OpenAlex/Crossref records; title/abstract/keywords metadata only,2010-2020 inclusive,9,9,Required paired query family. Count is conservative because only returned metadata was classified; full text was not retrieved.
2026-05-27T12:09:11-04:00,local exact index over harvested metadata,scenario variant,local-rcp85-2010-2020 inclusive,scenario_variant_regex=(?<![A-Za-z0-9_-])RCP85(?![A-Za-z0-9_-]),deduped OpenAlex/Crossref records; title/abstract/keywords metadata only,2010-2020 inclusive,323,323,This is the local exact scenario spelling count after source-database harvest and deduplication.
2026-05-27T12:09:11-04:00,local exact index over harvested metadata,scenario plus BAU/default term,local-rcp85-business-space-as-space-usual-2010-2020 inclusive,scenario_variant_regex=(?<![A-Za-z0-9_-])RCP85(?![A-Za-z0-9_-]) AND context_regex=(?<![A-Za-z0-9_-])business\s+as\s+usual(?![A-Za-z0-9_-]),deduped OpenAlex/Crossref records; title/abstract/keywords metadata only,2010-2020 inclusive,0,0,Required paired query family. Count is conservative because only returned metadata was classified; full text was not retrieved.
2026-05-27T12:09:11-04:00,local exact index over harvested metadata,scenario plus BAU/default term,local-rcp85-business-hyphen-as-hyphen-usual-2010-2020 inclusive,scenario_variant_regex=(?<![A-Za-z0-9_-])RCP85(?![A-Za-z0-9_-]) AND context_regex=(?<![A-Za-z0-9_-])business-as-usual(?![A-Za-z0-9_-]),deduped OpenAlex/Crossref records; title/abstract/keywords metadata only,2010-2020 inclusive,2,2,Required paired query family. Count is conservative because only returned metadata was classified; full text was not retrieved.
2026-05-27T12:09:11-04:00,local exact index over harvested metadata,scenario plus BAU/default term,local-rcp85-bau-2010-2020 inclusive,scenario_variant_regex=(?<![A-Za-z0-9_-])RCP85(?![A-Za-z0-9_-]) AND context_regex=(?<![A-Za-z0-9_-])BAU(?![A-Za-z0-9_-]),deduped OpenAlex/Crossref records; title/abstract/keywords metadata only,2010-2020 inclusive,0,0,Required paired query family. Count is conservative because only returned metadata was classified; full text was not retrieved.
2026-05-27T12:09:11-04:00,local exact index over harvested metadata,scenario plus BAU/default term,local-rcp85-baseline-2010-2020 inclusive,scenario_variant_regex=(?<![A-Za-z0-9_-])RCP85(?![A-Za-z0-9_-]) AND context_regex=(?<![A-Za-z0-9_-])baselines?(?![A-Za-z0-9_-]),deduped OpenAlex/Crossref records; title/abstract/keywords metadata only,2010-2020 inclusive,6,6,Required paired query family. Count is conservative because only returned metadata was classified; full text was not retrieved.
2026-05-27T12:09:11-04:00,local exact index over harvested metadata,scenario plus BAU/default term,local-rcp85-no-space-policy-2010-2020 inclusive,scenario_variant_regex=(?<![A-Za-z0-9_-])RCP85(?![A-Za-z0-9_-]) AND context_regex=(?<![A-Za-z0-9_-])no\s+policy(?![A-Za-z0-9_-]),deduped OpenAlex/Crossref records; title/abstract/keywords metadata only,2010-2020 inclusive,0,0,Required paired query family. Count is conservative because only returned metadata was classified; full text was not retrieved.
2026-05-27T12:09:11-04:00,local exact index over harvested metadata,scenario plus BAU/default term,local-rcp85-no-hyphen-policy-2010-2020 inclusive,scenario_variant_regex=(?<![A-Za-z0-9_-])RCP85(?![A-Za-z0-9_-]) AND context_regex=(?<![A-Za-z0-9_-])no-policy(?![A-Za-z0-9_-]),deduped OpenAlex/Crossref records; title/abstract/keywords metadata only,2010-2020 inclusive,0,0,Required paired query family. Count is conservative because only returned metadata was classified; full text was not retrieved.
2026-05-27T12:09:11-04:00,local exact index over harvested metadata,scenario plus BAU/default term,local-rcp85-no-space-additional-space-action-2010-2020 inclusive,scenario_variant_regex=(?<![A-Za-z0-9_-])RCP85(?![A-Za-z0-9_-]) AND context_regex=(?<![A-Za-z0-9_-])no\s+additional\s+action(?![A-Za-z0-9_-]),deduped OpenAlex/Crossref records; title/abstract/keywords metadata only,2010-2020 inclusive,0,0,Required paired query family. Count is conservative because only returned metadata was classified; full text was not retrieved.
2026-05-27T12:09:11-04:00,local exact index over harvested metadata,scenario plus BAU/default term,local-rcp85-current-space-policies-2010-2020 inclusive,scenario_variant_regex=(?<![A-Za-z0-9_-])RCP85(?![A-Za-z0-9_-]) AND context_regex=(?<![A-Za-z0-9_-])current\s+polic(?:y|ies)(?![A-Za-z0-9_-]),deduped OpenAlex/Crossref records; title/abstract/keywords metadata only,2010-2020 inclusive,0,0,Required paired query family. Count is conservative because only returned metadata was classified; full text was not retrieved.
2026-05-27T12:09:11-04:00,local exact index over harvested metadata,scenario plus BAU/default term,local-rcp85-default-space-future-2010-2020 inclusive,scenario_variant_regex=(?<![A-Za-z0-9_-])RCP85(?![A-Za-z0-9_-]) AND context_regex=(?<![A-Za-z0-9_-])default\s+future(?![A-Za-z0-9_-]),deduped OpenAlex/Crossref records; title/abstract/keywords metadata only,2010-2020 inclusive,0,0,Required paired query family. Count is conservative because only returned metadata was classified; full text was not retrieved.
2026-05-27T12:09:11-04:00,local exact index over harvested metadata,scenario plus BAU/default term,local-rcp85-likely-space-future-2010-2020 inclusive,scenario_variant_regex=(?<![A-Za-z0-9_-])RCP85(?![A-Za-z0-9_-]) AND context_regex=(?<![A-Za-z0-9_-])likely\s+future(?![A-Za-z0-9_-]),deduped OpenAlex/Crossref records; title/abstract/keywords metadata only,2010-2020 inclusive,2,2,Required paired query family. Count is conservative because only returned metadata was classified; full text was not retrieved.
2026-05-27T12:09:11-04:00,local exact index over harvested metadata,scenario variant,local-rcp-hyphen-8-dot-5-2010-2020 inclusive,scenario_variant_regex=(?<![A-Za-z0-9_-])RCP\s*-\s*8\.5(?![A-Za-z0-9_-]),deduped OpenAlex/Crossref records; title/abstract/keywords metadata only,2010-2020 inclusive,6127,6127,This is the local exact scenario spelling count after source-database harvest and deduplication.
2026-05-27T12:09:11-04:00,local exact index over harvested metadata,scenario plus BAU/default term,local-rcp-hyphen-8-dot-5-business-space-as-space-usual-2010-2020 inclusive,scenario_variant_regex=(?<![A-Za-z0-9_-])RCP\s*-\s*8\.5(?![A-Za-z0-9_-]) AND context_regex=(?<![A-Za-z0-9_-])business\s+as\s+usual(?![A-Za-z0-9_-]),deduped OpenAlex/Crossref records; title/abstract/keywords metadata only,2010-2020 inclusive,22,22,Required paired query family. Count is conservative because only returned metadata was classified; full text was not retrieved.
2026-05-27T12:09:11-04:00,local exact index over harvested metadata,scenario plus BAU/default term,local-rcp-hyphen-8-dot-5-business-hyphen-as-hyphen-usual-2010-2020 inclusive,scenario_variant_regex=(?<![A-Za-z0-9_-])RCP\s*-\s*8\.5(?![A-Za-z0-9_-]) AND context_regex=(?<![A-Za-z0-9_-])business-as-usual(?![A-Za-z0-9_-]),deduped OpenAlex/Crossref records; title/abstract/keywords metadata only,2010-2020 inclusive,43,43,Required paired query family. Count is conservative because only returned metadata was classified; full text was not retrieved.
2026-05-27T12:09:11-04:00,local exact index over harvested metadata,scenario plus BAU/default term,local-rcp-hyphen-8-dot-5-bau-2010-2020 inclusive,scenario_variant_regex=(?<![A-Za-z0-9_-])RCP\s*-\s*8\.5(?![A-Za-z0-9_-]) AND context_regex=(?<![A-Za-z0-9_-])BAU(?![A-Za-z0-9_-]),deduped OpenAlex/Crossref records; title/abstract/keywords metadata only,2010-2020 inclusive,14,14,Required paired query family. Count is conservative because only returned metadata was classified; full text was not retrieved.
2026-05-27T12:09:11-04:00,local exact index over harvested metadata,scenario plus BAU/default term,local-rcp-hyphen-8-dot-5-baseline-2010-2020 inclusive,scenario_variant_regex=(?<![A-Za-z0-9_-])RCP\s*-\s*8\.5(?![A-Za-z0-9_-]) AND context_regex=(?<![A-Za-z0-9_-])baselines?(?![A-Za-z0-9_-]),deduped OpenAlex/Crossref records; title/abstract/keywords metadata only,2010-2020 inclusive,302,302,Required paired query family. Count is conservative because only returned metadata was classified; full text was not retrieved.
2026-05-27T12:09:11-04:00,local exact index over harvested metadata,scenario plus BAU/default term,local-rcp-hyphen-8-dot-5-no-space-policy-2010-2020 inclusive,scenario_variant_regex=(?<![A-Za-z0-9_-])RCP\s*-\s*8\.5(?![A-Za-z0-9_-]) AND context_regex=(?<![A-Za-z0-9_-])no\s+policy(?![A-Za-z0-9_-]),deduped OpenAlex/Crossref records; title/abstract/keywords metadata only,2010-2020 inclusive,0,0,Required paired query family. Count is conservative because only returned metadata was classified; full text was not retrieved.
2026-05-27T12:09:11-04:00,local exact index over harvested metadata,scenario plus BAU/default term,local-rcp-hyphen-8-dot-5-no-hyphen-policy-2010-2020 inclusive,scenario_variant_regex=(?<![A-Za-z0-9_-])RCP\s*-\s*8\.5(?![A-Za-z0-9_-]) AND context_regex=(?<![A-Za-z0-9_-])no-policy(?![A-Za-z0-9_-]),deduped OpenAlex/Crossref records; title/abstract/keywords metadata only,2010-2020 inclusive,1,1,Required paired query family. Count is conservative because only returned metadata was classified; full text was not retrieved.
2026-05-27T12:09:11-04:00,local exact index over harvested metadata,scenario plus BAU/default term,local-rcp-hyphen-8-dot-5-no-space-additional-space-action-2010-2020 inclusive,scenario_variant_regex=(?<![A-Za-z0-9_-])RCP\s*-\s*8\.5(?![A-Za-z0-9_-]) AND context_regex=(?<![A-Za-z0-9_-])no\s+additional\s+action(?![A-Za-z0-9_-]),deduped OpenAlex/Crossref records; title/abstract/keywords metadata only,2010-2020 inclusive,0,0,Required paired query family. Count is conservative because only returned metadata was classified; full text was not retrieved.
2026-05-27T12:09:11-04:00,local exact index over harvested metadata,scenario plus BAU/default term,local-rcp-hyphen-8-dot-5-current-space-policies-2010-2020 inclusive,scenario_variant_regex=(?<![A-Za-z0-9_-])RCP\s*-\s*8\.5(?![A-Za-z0-9_-]) AND context_regex=(?<![A-Za-z0-9_-])current\s+polic(?:y|ies)(?![A-Za-z0-9_-]),deduped OpenAlex/Crossref records; title/abstract/keywords metadata only,2010-2020 inclusive,2,2,Required paired query family. Count is conservative because only returned metadata was classified; full text was not retrieved.
2026-05-27T12:09:11-04:00,local exact index over harvested metadata,scenario plus BAU/default term,local-rcp-hyphen-8-dot-5-default-space-future-2010-2020 inclusive,scenario_variant_regex=(?<![A-Za-z0-9_-])RCP\s*-\s*8\.5(?![A-Za-z0-9_-]) AND context_regex=(?<![A-Za-z0-9_-])default\s+future(?![A-Za-z0-9_-]),deduped OpenAlex/Crossref records; title/abstract/keywords metadata only,2010-2020 inclusive,0,0,Required paired query family. Count is conservative because only returned metadata was classified; full text was not retrieved.
2026-05-27T12:09:11-04:00,local exact index over harvested metadata,scenario plus BAU/default term,local-rcp-hyphen-8-dot-5-likely-space-future-2010-2020 inclusive,scenario_variant_regex=(?<![A-Za-z0-9_-])RCP\s*-\s*8\.5(?![A-Za-z0-9_-]) AND context_regex=(?<![A-Za-z0-9_-])likely\s+future(?![A-Za-z0-9_-]),deduped OpenAlex/Crossref records; title/abstract/keywords metadata only,2010-2020 inclusive,8,8,Required paired query family. Count is conservative because only returned metadata was classified; full text was not retrieved.
2026-05-27T12:09:11-04:00,local exact index over harvested metadata,scenario variant,local-ssp5-hyphen-8-dot-5-2010-2020 inclusive,scenario_variant_regex=(?<![A-Za-z0-9_-])SSP\s*5\s*-\s*8\.5(?![A-Za-z0-9_-]),deduped OpenAlex/Crossref records; title/abstract/keywords metadata only,2010-2020 inclusive,292,292,This is the local exact scenario spelling count after source-database harvest and deduplication.
2026-05-27T12:09:11-04:00,local exact index over harvested metadata,scenario plus BAU/default term,local-ssp5-hyphen-8-dot-5-business-space-as-space-usual-2010-2020 inclusive,scenario_variant_regex=(?<![A-Za-z0-9_-])SSP\s*5\s*-\s*8\.5(?![A-Za-z0-9_-]) AND context_regex=(?<![A-Za-z0-9_-])business\s+as\s+usual(?![A-Za-z0-9_-]),deduped OpenAlex/Crossref records; title/abstract/keywords metadata only,2010-2020 inclusive,3,3,Required paired query family. Count is conservative because only returned metadata was classified; full text was not retrieved.
2026-05-27T12:09:11-04:00,local exact index over harvested metadata,scenario plus BAU/default term,local-ssp5-hyphen-8-dot-5-business-hyphen-as-hyphen-usual-2010-2020 inclusive,scenario_variant_regex=(?<![A-Za-z0-9_-])SSP\s*5\s*-\s*8\.5(?![A-Za-z0-9_-]) AND context_regex=(?<![A-Za-z0-9_-])business-as-usual(?![A-Za-z0-9_-]),deduped OpenAlex/Crossref records; title/abstract/keywords metadata only,2010-2020 inclusive,1,1,Required paired query family. Count is conservative because only returned metadata was classified; full text was not retrieved.
2026-05-27T12:09:11-04:00,local exact index over harvested metadata,scenario plus BAU/default term,local-ssp5-hyphen-8-dot-5-bau-2010-2020 inclusive,scenario_variant_regex=(?<![A-Za-z0-9_-])SSP\s*5\s*-\s*8\.5(?![A-Za-z0-9_-]) AND context_regex=(?<![A-Za-z0-9_-])BAU(?![A-Za-z0-9_-]),deduped OpenAlex/Crossref records; title/abstract/keywords metadata only,2010-2020 inclusive,1,1,Required paired query family. Count is conservative because only returned metadata was classified; full text was not retrieved.
2026-05-27T12:09:11-04:00,local exact index over harvested metadata,scenario plus BAU/default term,local-ssp5-hyphen-8-dot-5-baseline-2010-2020 inclusive,scenario_variant_regex=(?<![A-Za-z0-9_-])SSP\s*5\s*-\s*8\.5(?![A-Za-z0-9_-]) AND context_regex=(?<![A-Za-z0-9_-])baselines?(?![A-Za-z0-9_-]),deduped OpenAlex/Crossref records; title/abstract/keywords metadata only,2010-2020 inclusive,13,13,Required paired query family. Count is conservative because only returned metadata was classified; full text was not retrieved.
2026-05-27T12:09:11-04:00,local exact index over harvested metadata,scenario plus BAU/default term,local-ssp5-hyphen-8-dot-5-no-space-policy-2010-2020 inclusive,scenario_variant_regex=(?<![A-Za-z0-9_-])SSP\s*5\s*-\s*8\.5(?![A-Za-z0-9_-]) AND context_regex=(?<![A-Za-z0-9_-])no\s+policy(?![A-Za-z0-9_-]),deduped OpenAlex/Crossref records; title/abstract/keywords metadata only,2010-2020 inclusive,0,0,Required paired query family. Count is conservative because only returned metadata was classified; full text was not retrieved.
2026-05-27T12:09:11-04:00,local exact index over harvested metadata,scenario plus BAU/default term,local-ssp5-hyphen-8-dot-5-no-hyphen-policy-2010-2020 inclusive,scenario_variant_regex=(?<![A-Za-z0-9_-])SSP\s*5\s*-\s*8\.5(?![A-Za-z0-9_-]) AND context_regex=(?<![A-Za-z0-9_-])no-policy(?![A-Za-z0-9_-]),deduped OpenAlex/Crossref records; title/abstract/keywords metadata only,2010-2020 inclusive,0,0,Required paired query family. Count is conservative because only returned metadata was classified; full text was not retrieved.
2026-05-27T12:09:11-04:00,local exact index over harvested metadata,scenario plus BAU/default term,local-ssp5-hyphen-8-dot-5-no-space-additional-space-action-2010-2020 inclusive,scenario_variant_regex=(?<![A-Za-z0-9_-])SSP\s*5\s*-\s*8\.5(?![A-Za-z0-9_-]) AND context_regex=(?<![A-Za-z0-9_-])no\s+additional\s+action(?![A-Za-z0-9_-]),deduped OpenAlex/Crossref records; title/abstract/keywords metadata only,2010-2020 inclusive,0,0,Required paired query family. Count is conservative because only returned metadata was classified; full text was not retrieved.
2026-05-27T12:09:11-04:00,local exact index over harvested metadata,scenario plus BAU/default term,local-ssp5-hyphen-8-dot-5-current-space-policies-2010-2020 inclusive,scenario_variant_regex=(?<![A-Za-z0-9_-])SSP\s*5\s*-\s*8\.5(?![A-Za-z0-9_-]) AND context_regex=(?<![A-Za-z0-9_-])current\s+polic(?:y|ies)(?![A-Za-z0-9_-]),deduped OpenAlex/Crossref records; title/abstract/keywords metadata only,2010-2020 inclusive,0,0,Required paired query family. Count is conservative because only returned metadata was classified; full text was not retrieved.
2026-05-27T12:09:11-04:00,local exact index over harvested metadata,scenario plus BAU/default term,local-ssp5-hyphen-8-dot-5-default-space-future-2010-2020 inclusive,scenario_variant_regex=(?<![A-Za-z0-9_-])SSP\s*5\s*-\s*8\.5(?![A-Za-z0-9_-]) AND context_regex=(?<![A-Za-z0-9_-])default\s+future(?![A-Za-z0-9_-]),deduped OpenAlex/Crossref records; title/abstract/keywords metadata only,2010-2020 inclusive,0,0,Required paired query family. Count is conservative because only returned metadata was classified; full text was not retrieved.
2026-05-27T12:09:11-04:00,local exact index over harvested metadata,scenario plus BAU/default term,local-ssp5-hyphen-8-dot-5-likely-space-future-2010-2020 inclusive,scenario_variant_regex=(?<![A-Za-z0-9_-])SSP\s*5\s*-\s*8\.5(?![A-Za-z0-9_-]) AND context_regex=(?<![A-Za-z0-9_-])likely\s+future(?![A-Za-z0-9_-]),deduped OpenAlex/Crossref records; title/abstract/keywords metadata only,2010-2020 inclusive,0,0,Required paired query family. Count is conservative because only returned metadata was classified; full text was not retrieved.
2026-05-27T12:09:11-04:00,local exact index over harvested metadata,scenario variant,local-ssp585-2010-2020 inclusive,scenario_variant_regex=(?<![A-Za-z0-9_-])SSP585(?![A-Za-z0-9_-]),deduped OpenAlex/Crossref records; title/abstract/keywords metadata only,2010-2020 inclusive,75,75,This is the local exact scenario spelling count after source-database harvest and deduplication.
2026-05-27T12:09:11-04:00,local exact index over harvested metadata,scenario plus BAU/default term,local-ssp585-business-space-as-space-usual-2010-2020 inclusive,scenario_variant_regex=(?<![A-Za-z0-9_-])SSP585(?![A-Za-z0-9_-]) AND context_regex=(?<![A-Za-z0-9_-])business\s+as\s+usual(?![A-Za-z0-9_-]),deduped OpenAlex/Crossref records; title/abstract/keywords metadata only,2010-2020 inclusive,0,0,Required paired query family. Count is conservative because only returned metadata was classified; full text was not retrieved.
2026-05-27T12:09:11-04:00,local exact index over harvested metadata,scenario plus BAU/default term,local-ssp585-business-hyphen-as-hyphen-usual-2010-2020 inclusive,scenario_variant_regex=(?<![A-Za-z0-9_-])SSP585(?![A-Za-z0-9_-]) AND context_regex=(?<![A-Za-z0-9_-])business-as-usual(?![A-Za-z0-9_-]),deduped OpenAlex/Crossref records; title/abstract/keywords metadata only,2010-2020 inclusive,0,0,Required paired query family. Count is conservative because only returned metadata was classified; full text was not retrieved.
2026-05-27T12:09:11-04:00,local exact index over harvested metadata,scenario plus BAU/default term,local-ssp585-bau-2010-2020 inclusive,scenario_variant_regex=(?<![A-Za-z0-9_-])SSP585(?![A-Za-z0-9_-]) AND context_regex=(?<![A-Za-z0-9_-])BAU(?![A-Za-z0-9_-]),deduped OpenAlex/Crossref records; title/abstract/keywords metadata only,2010-2020 inclusive,0,0,Required paired query family. Count is conservative because only returned metadata was classified; full text was not retrieved.
2026-05-27T12:09:11-04:00,local exact index over harvested metadata,scenario plus BAU/default term,local-ssp585-baseline-2010-2020 inclusive,scenario_variant_regex=(?<![A-Za-z0-9_-])SSP585(?![A-Za-z0-9_-]) AND context_regex=(?<![A-Za-z0-9_-])baselines?(?![A-Za-z0-9_-]),deduped OpenAlex/Crossref records; title/abstract/keywords metadata only,2010-2020 inclusive,2,2,Required paired query family. Count is conservative because only returned metadata was classified; full text was not retrieved.
2026-05-27T12:09:11-04:00,local exact index over harvested metadata,scenario plus BAU/default term,local-ssp585-no-space-policy-2010-2020 inclusive,scenario_variant_regex=(?<![A-Za-z0-9_-])SSP585(?![A-Za-z0-9_-]) AND context_regex=(?<![A-Za-z0-9_-])no\s+policy(?![A-Za-z0-9_-]),deduped OpenAlex/Crossref records; title/abstract/keywords metadata only,2010-2020 inclusive,0,0,Required paired query family. Count is conservative because only returned metadata was classified; full text was not retrieved.
2026-05-27T12:09:11-04:00,local exact index over harvested metadata,scenario plus BAU/default term,local-ssp585-no-hyphen-policy-2010-2020 inclusive,scenario_variant_regex=(?<![A-Za-z0-9_-])SSP585(?![A-Za-z0-9_-]) AND context_regex=(?<![A-Za-z0-9_-])no-policy(?![A-Za-z0-9_-]),deduped OpenAlex/Crossref records; title/abstract/keywords metadata only,2010-2020 inclusive,0,0,Required paired query family. Count is conservative because only returned metadata was classified; full text was not retrieved.
2026-05-27T12:09:11-04:00,local exact index over harvested metadata,scenario plus BAU/default term,local-ssp585-no-space-additional-space-action-2010-2020 inclusive,scenario_variant_regex=(?<![A-Za-z0-9_-])SSP585(?![A-Za-z0-9_-]) AND context_regex=(?<![A-Za-z0-9_-])no\s+additional\s+action(?![A-Za-z0-9_-]),deduped OpenAlex/Crossref records; title/abstract/keywords metadata only,2010-2020 inclusive,0,0,Required paired query family. Count is conservative because only returned metadata was classified; full text was not retrieved.
2026-05-27T12:09:11-04:00,local exact index over harvested metadata,scenario plus BAU/default term,local-ssp585-current-space-policies-2010-2020 inclusive,scenario_variant_regex=(?<![A-Za-z0-9_-])SSP585(?![A-Za-z0-9_-]) AND context_regex=(?<![A-Za-z0-9_-])current\s+polic(?:y|ies)(?![A-Za-z0-9_-]),deduped OpenAlex/Crossref records; title/abstract/keywords metadata only,2010-2020 inclusive,0,0,Required paired query family. Count is conservative because only returned metadata was classified; full text was not retrieved.
2026-05-27T12:09:11-04:00,local exact index over harvested metadata,scenario plus BAU/default term,local-ssp585-default-space-future-2010-2020 inclusive,scenario_variant_regex=(?<![A-Za-z0-9_-])SSP585(?![A-Za-z0-9_-]) AND context_regex=(?<![A-Za-z0-9_-])default\s+future(?![A-Za-z0-9_-]),deduped OpenAlex/Crossref records; title/abstract/keywords metadata only,2010-2020 inclusive,0,0,Required paired query family. Count is conservative because only returned metadata was classified; full text was not retrieved.
2026-05-27T12:09:11-04:00,local exact index over harvested metadata,scenario plus BAU/default term,local-ssp585-likely-space-future-2010-2020 inclusive,scenario_variant_regex=(?<![A-Za-z0-9_-])SSP585(?![A-Za-z0-9_-]) AND context_regex=(?<![A-Za-z0-9_-])likely\s+future(?![A-Za-z0-9_-]),deduped OpenAlex/Crossref records; title/abstract/keywords metadata only,2010-2020 inclusive,0,0,Required paired query family. Count is conservative because only returned metadata was classified; full text was not retrieved.
2026-05-27T12:09:11-04:00,local exact index over harvested metadata,scenario variant,local-rcp8-dot-5-2011-2020 inclusive,scenario_variant_regex=(?<![A-Za-z0-9_-])RCP\s*8\.5(?![A-Za-z0-9_-]),deduped OpenAlex/Crossref records; title/abstract/keywords metadata only,2011-2020 inclusive,10414,10414,This is the local exact scenario spelling count after source-database harvest and deduplication.
2026-05-27T12:09:11-04:00,local exact index over harvested metadata,scenario plus BAU/default term,local-rcp8-dot-5-business-space-as-space-usual-2011-2020 inclusive,scenario_variant_regex=(?<![A-Za-z0-9_-])RCP\s*8\.5(?![A-Za-z0-9_-]) AND context_regex=(?<![A-Za-z0-9_-])business\s+as\s+usual(?![A-Za-z0-9_-]),deduped OpenAlex/Crossref records; title/abstract/keywords metadata only,2011-2020 inclusive,65,65,Required paired query family. Count is conservative because only returned metadata was classified; full text was not retrieved.
2026-05-27T12:09:11-04:00,local exact index over harvested metadata,scenario plus BAU/default term,local-rcp8-dot-5-business-hyphen-as-hyphen-usual-2011-2020 inclusive,scenario_variant_regex=(?<![A-Za-z0-9_-])RCP\s*8\.5(?![A-Za-z0-9_-]) AND context_regex=(?<![A-Za-z0-9_-])business-as-usual(?![A-Za-z0-9_-]),deduped OpenAlex/Crossref records; title/abstract/keywords metadata only,2011-2020 inclusive,117,117,Required paired query family. Count is conservative because only returned metadata was classified; full text was not retrieved.
2026-05-27T12:09:11-04:00,local exact index over harvested metadata,scenario plus BAU/default term,local-rcp8-dot-5-bau-2011-2020 inclusive,scenario_variant_regex=(?<![A-Za-z0-9_-])RCP\s*8\.5(?![A-Za-z0-9_-]) AND context_regex=(?<![A-Za-z0-9_-])BAU(?![A-Za-z0-9_-]),deduped OpenAlex/Crossref records; title/abstract/keywords metadata only,2011-2020 inclusive,13,13,Required paired query family. Count is conservative because only returned metadata was classified; full text was not retrieved.
2026-05-27T12:09:11-04:00,local exact index over harvested metadata,scenario plus BAU/default term,local-rcp8-dot-5-baseline-2011-2020 inclusive,scenario_variant_regex=(?<![A-Za-z0-9_-])RCP\s*8\.5(?![A-Za-z0-9_-]) AND context_regex=(?<![A-Za-z0-9_-])baselines?(?![A-Za-z0-9_-]),deduped OpenAlex/Crossref records; title/abstract/keywords metadata only,2011-2020 inclusive,637,637,Required paired query family. Count is conservative because only returned metadata was classified; full text was not retrieved.
2026-05-27T12:09:11-04:00,local exact index over harvested metadata,scenario plus BAU/default term,local-rcp8-dot-5-no-space-policy-2011-2020 inclusive,scenario_variant_regex=(?<![A-Za-z0-9_-])RCP\s*8\.5(?![A-Za-z0-9_-]) AND context_regex=(?<![A-Za-z0-9_-])no\s+policy(?![A-Za-z0-9_-]),deduped OpenAlex/Crossref records; title/abstract/keywords metadata only,2011-2020 inclusive,1,1,Required paired query family. Count is conservative because only returned metadata was classified; full text was not retrieved.
2026-05-27T12:09:11-04:00,local exact index over harvested metadata,scenario plus BAU/default term,local-rcp8-dot-5-no-hyphen-policy-2011-2020 inclusive,scenario_variant_regex=(?<![A-Za-z0-9_-])RCP\s*8\.5(?![A-Za-z0-9_-]) AND context_regex=(?<![A-Za-z0-9_-])no-policy(?![A-Za-z0-9_-]),deduped OpenAlex/Crossref records; title/abstract/keywords metadata only,2011-2020 inclusive,0,0,Required paired query family. Count is conservative because only returned metadata was classified; full text was not retrieved.
2026-05-27T12:09:11-04:00,local exact index over harvested metadata,scenario plus BAU/default term,local-rcp8-dot-5-no-space-additional-space-action-2011-2020 inclusive,scenario_variant_regex=(?<![A-Za-z0-9_-])RCP\s*8\.5(?![A-Za-z0-9_-]) AND context_regex=(?<![A-Za-z0-9_-])no\s+additional\s+action(?![A-Za-z0-9_-]),deduped OpenAlex/Crossref records; title/abstract/keywords metadata only,2011-2020 inclusive,0,0,Required paired query family. Count is conservative because only returned metadata was classified; full text was not retrieved.
2026-05-27T12:09:11-04:00,local exact index over harvested metadata,scenario plus BAU/default term,local-rcp8-dot-5-current-space-policies-2011-2020 inclusive,scenario_variant_regex=(?<![A-Za-z0-9_-])RCP\s*8\.5(?![A-Za-z0-9_-]) AND context_regex=(?<![A-Za-z0-9_-])current\s+polic(?:y|ies)(?![A-Za-z0-9_-]),deduped OpenAlex/Crossref records; title/abstract/keywords metadata only,2011-2020 inclusive,3,3,Required paired query family. Count is conservative because only returned metadata was classified; full text was not retrieved.
2026-05-27T12:09:11-04:00,local exact index over harvested metadata,scenario plus BAU/default term,local-rcp8-dot-5-default-space-future-2011-2020 inclusive,scenario_variant_regex=(?<![A-Za-z0-9_-])RCP\s*8\.5(?![A-Za-z0-9_-]) AND context_regex=(?<![A-Za-z0-9_-])default\s+future(?![A-Za-z0-9_-]),deduped OpenAlex/Crossref records; title/abstract/keywords metadata only,2011-2020 inclusive,0,0,Required paired query family. Count is conservative because only returned metadata was classified; full text was not retrieved.
2026-05-27T12:09:11-04:00,local exact index over harvested metadata,scenario plus BAU/default term,local-rcp8-dot-5-likely-space-future-2011-2020 inclusive,scenario_variant_regex=(?<![A-Za-z0-9_-])RCP\s*8\.5(?![A-Za-z0-9_-]) AND context_regex=(?<![A-Za-z0-9_-])likely\s+future(?![A-Za-z0-9_-]),deduped OpenAlex/Crossref records; title/abstract/keywords metadata only,2011-2020 inclusive,16,16,Required paired query family. Count is conservative because only returned metadata was classified; full text was not retrieved.
2026-05-27T12:09:11-04:00,local exact index over harvested metadata,scenario variant,local-rcp-space-8-dot-5-2011-2020 inclusive,scenario_variant_regex=(?<![A-Za-z0-9_-])RCP\s+8\.5(?![A-Za-z0-9_-]),deduped OpenAlex/Crossref records; title/abstract/keywords metadata only,2011-2020 inclusive,7612,7612,This is the local exact scenario spelling count after source-database harvest and deduplication.
2026-05-27T12:09:11-04:00,local exact index over harvested metadata,scenario plus BAU/default term,local-rcp-space-8-dot-5-business-space-as-space-usual-2011-2020 inclusive,scenario_variant_regex=(?<![A-Za-z0-9_-])RCP\s+8\.5(?![A-Za-z0-9_-]) AND context_regex=(?<![A-Za-z0-9_-])business\s+as\s+usual(?![A-Za-z0-9_-]),deduped OpenAlex/Crossref records; title/abstract/keywords metadata only,2011-2020 inclusive,31,31,Required paired query family. Count is conservative because only returned metadata was classified; full text was not retrieved.
2026-05-27T12:09:11-04:00,local exact index over harvested metadata,scenario plus BAU/default term,local-rcp-space-8-dot-5-business-hyphen-as-hyphen-usual-2011-2020 inclusive,scenario_variant_regex=(?<![A-Za-z0-9_-])RCP\s+8\.5(?![A-Za-z0-9_-]) AND context_regex=(?<![A-Za-z0-9_-])business-as-usual(?![A-Za-z0-9_-]),deduped OpenAlex/Crossref records; title/abstract/keywords metadata only,2011-2020 inclusive,68,68,Required paired query family. Count is conservative because only returned metadata was classified; full text was not retrieved.
2026-05-27T12:09:11-04:00,local exact index over harvested metadata,scenario plus BAU/default term,local-rcp-space-8-dot-5-bau-2011-2020 inclusive,scenario_variant_regex=(?<![A-Za-z0-9_-])RCP\s+8\.5(?![A-Za-z0-9_-]) AND context_regex=(?<![A-Za-z0-9_-])BAU(?![A-Za-z0-9_-]),deduped OpenAlex/Crossref records; title/abstract/keywords metadata only,2011-2020 inclusive,16,16,Required paired query family. Count is conservative because only returned metadata was classified; full text was not retrieved.
2026-05-27T12:09:11-04:00,local exact index over harvested metadata,scenario plus BAU/default term,local-rcp-space-8-dot-5-baseline-2011-2020 inclusive,scenario_variant_regex=(?<![A-Za-z0-9_-])RCP\s+8\.5(?![A-Za-z0-9_-]) AND context_regex=(?<![A-Za-z0-9_-])baselines?(?![A-Za-z0-9_-]),deduped OpenAlex/Crossref records; title/abstract/keywords metadata only,2011-2020 inclusive,444,444,Required paired query family. Count is conservative because only returned metadata was classified; full text was not retrieved.
2026-05-27T12:09:11-04:00,local exact index over harvested metadata,scenario plus BAU/default term,local-rcp-space-8-dot-5-no-space-policy-2011-2020 inclusive,scenario_variant_regex=(?<![A-Za-z0-9_-])RCP\s+8\.5(?![A-Za-z0-9_-]) AND context_regex=(?<![A-Za-z0-9_-])no\s+policy(?![A-Za-z0-9_-]),deduped OpenAlex/Crossref records; title/abstract/keywords metadata only,2011-2020 inclusive,0,0,Required paired query family. Count is conservative because only returned metadata was classified; full text was not retrieved.
2026-05-27T12:09:11-04:00,local exact index over harvested metadata,scenario plus BAU/default term,local-rcp-space-8-dot-5-no-hyphen-policy-2011-2020 inclusive,scenario_variant_regex=(?<![A-Za-z0-9_-])RCP\s+8\.5(?![A-Za-z0-9_-]) AND context_regex=(?<![A-Za-z0-9_-])no-policy(?![A-Za-z0-9_-]),deduped OpenAlex/Crossref records; title/abstract/keywords metadata only,2011-2020 inclusive,1,1,Required paired query family. Count is conservative because only returned metadata was classified; full text was not retrieved.
2026-05-27T12:09:11-04:00,local exact index over harvested metadata,scenario plus BAU/default term,local-rcp-space-8-dot-5-no-space-additional-space-action-2011-2020 inclusive,scenario_variant_regex=(?<![A-Za-z0-9_-])RCP\s+8\.5(?![A-Za-z0-9_-]) AND context_regex=(?<![A-Za-z0-9_-])no\s+additional\s+action(?![A-Za-z0-9_-]),deduped OpenAlex/Crossref records; title/abstract/keywords metadata only,2011-2020 inclusive,0,0,Required paired query family. Count is conservative because only returned metadata was classified; full text was not retrieved.
2026-05-27T12:09:11-04:00,local exact index over harvested metadata,scenario plus BAU/default term,local-rcp-space-8-dot-5-current-space-policies-2011-2020 inclusive,scenario_variant_regex=(?<![A-Za-z0-9_-])RCP\s+8\.5(?![A-Za-z0-9_-]) AND context_regex=(?<![A-Za-z0-9_-])current\s+polic(?:y|ies)(?![A-Za-z0-9_-]),deduped OpenAlex/Crossref records; title/abstract/keywords metadata only,2011-2020 inclusive,2,2,Required paired query family. Count is conservative because only returned metadata was classified; full text was not retrieved.
2026-05-27T12:09:11-04:00,local exact index over harvested metadata,scenario plus BAU/default term,local-rcp-space-8-dot-5-default-space-future-2011-2020 inclusive,scenario_variant_regex=(?<![A-Za-z0-9_-])RCP\s+8\.5(?![A-Za-z0-9_-]) AND context_regex=(?<![A-Za-z0-9_-])default\s+future(?![A-Za-z0-9_-]),deduped OpenAlex/Crossref records; title/abstract/keywords metadata only,2011-2020 inclusive,0,0,Required paired query family. Count is conservative because only returned metadata was classified; full text was not retrieved.
2026-05-27T12:09:11-04:00,local exact index over harvested metadata,scenario plus BAU/default term,local-rcp-space-8-dot-5-likely-space-future-2011-2020 inclusive,scenario_variant_regex=(?<![A-Za-z0-9_-])RCP\s+8\.5(?![A-Za-z0-9_-]) AND context_regex=(?<![A-Za-z0-9_-])likely\s+future(?![A-Za-z0-9_-]),deduped OpenAlex/Crossref records; title/abstract/keywords metadata only,2011-2020 inclusive,9,9,Required paired query family. Count is conservative because only returned metadata was classified; full text was not retrieved.
2026-05-27T12:09:11-04:00,local exact index over harvested metadata,scenario variant,local-rcp85-2011-2020 inclusive,scenario_variant_regex=(?<![A-Za-z0-9_-])RCP85(?![A-Za-z0-9_-]),deduped OpenAlex/Crossref records; title/abstract/keywords metadata only,2011-2020 inclusive,322,322,This is the local exact scenario spelling count after source-database harvest and deduplication.
2026-05-27T12:09:11-04:00,local exact index over harvested metadata,scenario plus BAU/default term,local-rcp85-business-space-as-space-usual-2011-2020 inclusive,scenario_variant_regex=(?<![A-Za-z0-9_-])RCP85(?![A-Za-z0-9_-]) AND context_regex=(?<![A-Za-z0-9_-])business\s+as\s+usual(?![A-Za-z0-9_-]),deduped OpenAlex/Crossref records; title/abstract/keywords metadata only,2011-2020 inclusive,0,0,Required paired query family. Count is conservative because only returned metadata was classified; full text was not retrieved.
2026-05-27T12:09:11-04:00,local exact index over harvested metadata,scenario plus BAU/default term,local-rcp85-business-hyphen-as-hyphen-usual-2011-2020 inclusive,scenario_variant_regex=(?<![A-Za-z0-9_-])RCP85(?![A-Za-z0-9_-]) AND context_regex=(?<![A-Za-z0-9_-])business-as-usual(?![A-Za-z0-9_-]),deduped OpenAlex/Crossref records; title/abstract/keywords metadata only,2011-2020 inclusive,2,2,Required paired query family. Count is conservative because only returned metadata was classified; full text was not retrieved.
2026-05-27T12:09:11-04:00,local exact index over harvested metadata,scenario plus BAU/default term,local-rcp85-bau-2011-2020 inclusive,scenario_variant_regex=(?<![A-Za-z0-9_-])RCP85(?![A-Za-z0-9_-]) AND context_regex=(?<![A-Za-z0-9_-])BAU(?![A-Za-z0-9_-]),deduped OpenAlex/Crossref records; title/abstract/keywords metadata only,2011-2020 inclusive,0,0,Required paired query family. Count is conservative because only returned metadata was classified; full text was not retrieved.
2026-05-27T12:09:11-04:00,local exact index over harvested metadata,scenario plus BAU/default term,local-rcp85-baseline-2011-2020 inclusive,scenario_variant_regex=(?<![A-Za-z0-9_-])RCP85(?![A-Za-z0-9_-]) AND context_regex=(?<![A-Za-z0-9_-])baselines?(?![A-Za-z0-9_-]),deduped OpenAlex/Crossref records; title/abstract/keywords metadata only,2011-2020 inclusive,6,6,Required paired query family. Count is conservative because only returned metadata was classified; full text was not retrieved.
2026-05-27T12:09:11-04:00,local exact index over harvested metadata,scenario plus BAU/default term,local-rcp85-no-space-policy-2011-2020 inclusive,scenario_variant_regex=(?<![A-Za-z0-9_-])RCP85(?![A-Za-z0-9_-]) AND context_regex=(?<![A-Za-z0-9_-])no\s+policy(?![A-Za-z0-9_-]),deduped OpenAlex/Crossref records; title/abstract/keywords metadata only,2011-2020 inclusive,0,0,Required paired query family. Count is conservative because only returned metadata was classified; full text was not retrieved.
2026-05-27T12:09:11-04:00,local exact index over harvested metadata,scenario plus BAU/default term,local-rcp85-no-hyphen-policy-2011-2020 inclusive,scenario_variant_regex=(?<![A-Za-z0-9_-])RCP85(?![A-Za-z0-9_-]) AND context_regex=(?<![A-Za-z0-9_-])no-policy(?![A-Za-z0-9_-]),deduped OpenAlex/Crossref records; title/abstract/keywords metadata only,2011-2020 inclusive,0,0,Required paired query family. Count is conservative because only returned metadata was classified; full text was not retrieved.
2026-05-27T12:09:11-04:00,local exact index over harvested metadata,scenario plus BAU/default term,local-rcp85-no-space-additional-space-action-2011-2020 inclusive,scenario_variant_regex=(?<![A-Za-z0-9_-])RCP85(?![A-Za-z0-9_-]) AND context_regex=(?<![A-Za-z0-9_-])no\s+additional\s+action(?![A-Za-z0-9_-]),deduped OpenAlex/Crossref records; title/abstract/keywords metadata only,2011-2020 inclusive,0,0,Required paired query family. Count is conservative because only returned metadata was classified; full text was not retrieved.
2026-05-27T12:09:11-04:00,local exact index over harvested metadata,scenario plus BAU/default term,local-rcp85-current-space-policies-2011-2020 inclusive,scenario_variant_regex=(?<![A-Za-z0-9_-])RCP85(?![A-Za-z0-9_-]) AND context_regex=(?<![A-Za-z0-9_-])current\s+polic(?:y|ies)(?![A-Za-z0-9_-]),deduped OpenAlex/Crossref records; title/abstract/keywords metadata only,2011-2020 inclusive,0,0,Required paired query family. Count is conservative because only returned metadata was classified; full text was not retrieved.
2026-05-27T12:09:11-04:00,local exact index over harvested metadata,scenario plus BAU/default term,local-rcp85-default-space-future-2011-2020 inclusive,scenario_variant_regex=(?<![A-Za-z0-9_-])RCP85(?![A-Za-z0-9_-]) AND context_regex=(?<![A-Za-z0-9_-])default\s+future(?![A-Za-z0-9_-]),deduped OpenAlex/Crossref records; title/abstract/keywords metadata only,2011-2020 inclusive,0,0,Required paired query family. Count is conservative because only returned metadata was classified; full text was not retrieved.
2026-05-27T12:09:11-04:00,local exact index over harvested metadata,scenario plus BAU/default term,local-rcp85-likely-space-future-2011-2020 inclusive,scenario_variant_regex=(?<![A-Za-z0-9_-])RCP85(?![A-Za-z0-9_-]) AND context_regex=(?<![A-Za-z0-9_-])likely\s+future(?![A-Za-z0-9_-]),deduped OpenAlex/Crossref records; title/abstract/keywords metadata only,2011-2020 inclusive,2,2,Required paired query family. Count is conservative because only returned metadata was classified; full text was not retrieved.
2026-05-27T12:09:11-04:00,local exact index over harvested metadata,scenario variant,local-rcp-hyphen-8-dot-5-2011-2020 inclusive,scenario_variant_regex=(?<![A-Za-z0-9_-])RCP\s*-\s*8\.5(?![A-Za-z0-9_-]),deduped OpenAlex/Crossref records; title/abstract/keywords metadata only,2011-2020 inclusive,6092,6092,This is the local exact scenario spelling count after source-database harvest and deduplication.
2026-05-27T12:09:11-04:00,local exact index over harvested metadata,scenario plus BAU/default term,local-rcp-hyphen-8-dot-5-business-space-as-space-usual-2011-2020 inclusive,scenario_variant_regex=(?<![A-Za-z0-9_-])RCP\s*-\s*8\.5(?![A-Za-z0-9_-]) AND context_regex=(?<![A-Za-z0-9_-])business\s+as\s+usual(?![A-Za-z0-9_-]),deduped OpenAlex/Crossref records; title/abstract/keywords metadata only,2011-2020 inclusive,22,22,Required paired query family. Count is conservative because only returned metadata was classified; full text was not retrieved.
2026-05-27T12:09:11-04:00,local exact index over harvested metadata,scenario plus BAU/default term,local-rcp-hyphen-8-dot-5-business-hyphen-as-hyphen-usual-2011-2020 inclusive,scenario_variant_regex=(?<![A-Za-z0-9_-])RCP\s*-\s*8\.5(?![A-Za-z0-9_-]) AND context_regex=(?<![A-Za-z0-9_-])business-as-usual(?![A-Za-z0-9_-]),deduped OpenAlex/Crossref records; title/abstract/keywords metadata only,2011-2020 inclusive,43,43,Required paired query family. Count is conservative because only returned metadata was classified; full text was not retrieved.
2026-05-27T12:09:11-04:00,local exact index over harvested metadata,scenario plus BAU/default term,local-rcp-hyphen-8-dot-5-bau-2011-2020 inclusive,scenario_variant_regex=(?<![A-Za-z0-9_-])RCP\s*-\s*8\.5(?![A-Za-z0-9_-]) AND context_regex=(?<![A-Za-z0-9_-])BAU(?![A-Za-z0-9_-]),deduped OpenAlex/Crossref records; title/abstract/keywords metadata only,2011-2020 inclusive,14,14,Required paired query family. Count is conservative because only returned metadata was classified; full text was not retrieved.
2026-05-27T12:09:11-04:00,local exact index over harvested metadata,scenario plus BAU/default term,local-rcp-hyphen-8-dot-5-baseline-2011-2020 inclusive,scenario_variant_regex=(?<![A-Za-z0-9_-])RCP\s*-\s*8\.5(?![A-Za-z0-9_-]) AND context_regex=(?<![A-Za-z0-9_-])baselines?(?![A-Za-z0-9_-]),deduped OpenAlex/Crossref records; title/abstract/keywords metadata only,2011-2020 inclusive,298,298,Required paired query family. Count is conservative because only returned metadata was classified; full text was not retrieved.
2026-05-27T12:09:11-04:00,local exact index over harvested metadata,scenario plus BAU/default term,local-rcp-hyphen-8-dot-5-no-space-policy-2011-2020 inclusive,scenario_variant_regex=(?<![A-Za-z0-9_-])RCP\s*-\s*8\.5(?![A-Za-z0-9_-]) AND context_regex=(?<![A-Za-z0-9_-])no\s+policy(?![A-Za-z0-9_-]),deduped OpenAlex/Crossref records; title/abstract/keywords metadata only,2011-2020 inclusive,0,0,Required paired query family. Count is conservative because only returned metadata was classified; full text was not retrieved.
2026-05-27T12:09:11-04:00,local exact index over harvested metadata,scenario plus BAU/default term,local-rcp-hyphen-8-dot-5-no-hyphen-policy-2011-2020 inclusive,scenario_variant_regex=(?<![A-Za-z0-9_-])RCP\s*-\s*8\.5(?![A-Za-z0-9_-]) AND context_regex=(?<![A-Za-z0-9_-])no-policy(?![A-Za-z0-9_-]),deduped OpenAlex/Crossref records; title/abstract/keywords metadata only,2011-2020 inclusive,1,1,Required paired query family. Count is conservative because only returned metadata was classified; full text was not retrieved.
2026-05-27T12:09:11-04:00,local exact index over harvested metadata,scenario plus BAU/default term,local-rcp-hyphen-8-dot-5-no-space-additional-space-action-2011-2020 inclusive,scenario_variant_regex=(?<![A-Za-z0-9_-])RCP\s*-\s*8\.5(?![A-Za-z0-9_-]) AND context_regex=(?<![A-Za-z0-9_-])no\s+additional\s+action(?![A-Za-z0-9_-]),deduped OpenAlex/Crossref records; title/abstract/keywords metadata only,2011-2020 inclusive,0,0,Required paired query family. Count is conservative because only returned metadata was classified; full text was not retrieved.
2026-05-27T12:09:11-04:00,local exact index over harvested metadata,scenario plus BAU/default term,local-rcp-hyphen-8-dot-5-current-space-policies-2011-2020 inclusive,scenario_variant_regex=(?<![A-Za-z0-9_-])RCP\s*-\s*8\.5(?![A-Za-z0-9_-]) AND context_regex=(?<![A-Za-z0-9_-])current\s+polic(?:y|ies)(?![A-Za-z0-9_-]),deduped OpenAlex/Crossref records; title/abstract/keywords metadata only,2011-2020 inclusive,2,2,Required paired query family. Count is conservative because only returned metadata was classified; full text was not retrieved.
2026-05-27T12:09:11-04:00,local exact index over harvested metadata,scenario plus BAU/default term,local-rcp-hyphen-8-dot-5-default-space-future-2011-2020 inclusive,scenario_variant_regex=(?<![A-Za-z0-9_-])RCP\s*-\s*8\.5(?![A-Za-z0-9_-]) AND context_regex=(?<![A-Za-z0-9_-])default\s+future(?![A-Za-z0-9_-]),deduped OpenAlex/Crossref records; title/abstract/keywords metadata only,2011-2020 inclusive,0,0,Required paired query family. Count is conservative because only returned metadata was classified; full text was not retrieved.
2026-05-27T12:09:11-04:00,local exact index over harvested metadata,scenario plus BAU/default term,local-rcp-hyphen-8-dot-5-likely-space-future-2011-2020 inclusive,scenario_variant_regex=(?<![A-Za-z0-9_-])RCP\s*-\s*8\.5(?![A-Za-z0-9_-]) AND context_regex=(?<![A-Za-z0-9_-])likely\s+future(?![A-Za-z0-9_-]),deduped OpenAlex/Crossref records; title/abstract/keywords metadata only,2011-2020 inclusive,8,8,Required paired query family. Count is conservative because only returned metadata was classified; full text was not retrieved.
2026-05-27T12:09:11-04:00,local exact index over harvested metadata,scenario variant,local-ssp5-hyphen-8-dot-5-2011-2020 inclusive,scenario_variant_regex=(?<![A-Za-z0-9_-])SSP\s*5\s*-\s*8\.5(?![A-Za-z0-9_-]),deduped OpenAlex/Crossref records; title/abstract/keywords metadata only,2011-2020 inclusive,291,291,This is the local exact scenario spelling count after source-database harvest and deduplication.
2026-05-27T12:09:11-04:00,local exact index over harvested metadata,scenario plus BAU/default term,local-ssp5-hyphen-8-dot-5-business-space-as-space-usual-2011-2020 inclusive,scenario_variant_regex=(?<![A-Za-z0-9_-])SSP\s*5\s*-\s*8\.5(?![A-Za-z0-9_-]) AND context_regex=(?<![A-Za-z0-9_-])business\s+as\s+usual(?![A-Za-z0-9_-]),deduped OpenAlex/Crossref records; title/abstract/keywords metadata only,2011-2020 inclusive,3,3,Required paired query family. Count is conservative because only returned metadata was classified; full text was not retrieved.
2026-05-27T12:09:11-04:00,local exact index over harvested metadata,scenario plus BAU/default term,local-ssp5-hyphen-8-dot-5-business-hyphen-as-hyphen-usual-2011-2020 inclusive,scenario_variant_regex=(?<![A-Za-z0-9_-])SSP\s*5\s*-\s*8\.5(?![A-Za-z0-9_-]) AND context_regex=(?<![A-Za-z0-9_-])business-as-usual(?![A-Za-z0-9_-]),deduped OpenAlex/Crossref records; title/abstract/keywords metadata only,2011-2020 inclusive,1,1,Required paired query family. Count is conservative because only returned metadata was classified; full text was not retrieved.
2026-05-27T12:09:11-04:00,local exact index over harvested metadata,scenario plus BAU/default term,local-ssp5-hyphen-8-dot-5-bau-2011-2020 inclusive,scenario_variant_regex=(?<![A-Za-z0-9_-])SSP\s*5\s*-\s*8\.5(?![A-Za-z0-9_-]) AND context_regex=(?<![A-Za-z0-9_-])BAU(?![A-Za-z0-9_-]),deduped OpenAlex/Crossref records; title/abstract/keywords metadata only,2011-2020 inclusive,1,1,Required paired query family. Count is conservative because only returned metadata was classified; full text was not retrieved.
2026-05-27T12:09:11-04:00,local exact index over harvested metadata,scenario plus BAU/default term,local-ssp5-hyphen-8-dot-5-baseline-2011-2020 inclusive,scenario_variant_regex=(?<![A-Za-z0-9_-])SSP\s*5\s*-\s*8\.5(?![A-Za-z0-9_-]) AND context_regex=(?<![A-Za-z0-9_-])baselines?(?![A-Za-z0-9_-]),deduped OpenAlex/Crossref records; title/abstract/keywords metadata only,2011-2020 inclusive,13,13,Required paired query family. Count is conservative because only returned metadata was classified; full text was not retrieved.
2026-05-27T12:09:11-04:00,local exact index over harvested metadata,scenario plus BAU/default term,local-ssp5-hyphen-8-dot-5-no-space-policy-2011-2020 inclusive,scenario_variant_regex=(?<![A-Za-z0-9_-])SSP\s*5\s*-\s*8\.5(?![A-Za-z0-9_-]) AND context_regex=(?<![A-Za-z0-9_-])no\s+policy(?![A-Za-z0-9_-]),deduped OpenAlex/Crossref records; title/abstract/keywords metadata only,2011-2020 inclusive,0,0,Required paired query family. Count is conservative because only returned metadata was classified; full text was not retrieved.
2026-05-27T12:09:11-04:00,local exact index over harvested metadata,scenario plus BAU/default term,local-ssp5-hyphen-8-dot-5-no-hyphen-policy-2011-2020 inclusive,scenario_variant_regex=(?<![A-Za-z0-9_-])SSP\s*5\s*-\s*8\.5(?![A-Za-z0-9_-]) AND context_regex=(?<![A-Za-z0-9_-])no-policy(?![A-Za-z0-9_-]),deduped OpenAlex/Crossref records; title/abstract/keywords metadata only,2011-2020 inclusive,0,0,Required paired query family. Count is conservative because only returned metadata was classified; full text was not retrieved.
2026-05-27T12:09:11-04:00,local exact index over harvested metadata,scenario plus BAU/default term,local-ssp5-hyphen-8-dot-5-no-space-additional-space-action-2011-2020 inclusive,scenario_variant_regex=(?<![A-Za-z0-9_-])SSP\s*5\s*-\s*8\.5(?![A-Za-z0-9_-]) AND context_regex=(?<![A-Za-z0-9_-])no\s+additional\s+action(?![A-Za-z0-9_-]),deduped OpenAlex/Crossref records; title/abstract/keywords metadata only,2011-2020 inclusive,0,0,Required paired query family. Count is conservative because only returned metadata was classified; full text was not retrieved.
2026-05-27T12:09:11-04:00,local exact index over harvested metadata,scenario plus BAU/default term,local-ssp5-hyphen-8-dot-5-current-space-policies-2011-2020 inclusive,scenario_variant_regex=(?<![A-Za-z0-9_-])SSP\s*5\s*-\s*8\.5(?![A-Za-z0-9_-]) AND context_regex=(?<![A-Za-z0-9_-])current\s+polic(?:y|ies)(?![A-Za-z0-9_-]),deduped OpenAlex/Crossref records; title/abstract/keywords metadata only,2011-2020 inclusive,0,0,Required paired query family. Count is conservative because only returned metadata was classified; full text was not retrieved.
2026-05-27T12:09:11-04:00,local exact index over harvested metadata,scenario plus BAU/default term,local-ssp5-hyphen-8-dot-5-default-space-future-2011-2020 inclusive,scenario_variant_regex=(?<![A-Za-z0-9_-])SSP\s*5\s*-\s*8\.5(?![A-Za-z0-9_-]) AND context_regex=(?<![A-Za-z0-9_-])default\s+future(?![A-Za-z0-9_-]),deduped OpenAlex/Crossref records; title/abstract/keywords metadata only,2011-2020 inclusive,0,0,Required paired query family. Count is conservative because only returned metadata was classified; full text was not retrieved.
2026-05-27T12:09:11-04:00,local exact index over harvested metadata,scenario plus BAU/default term,local-ssp5-hyphen-8-dot-5-likely-space-future-2011-2020 inclusive,scenario_variant_regex=(?<![A-Za-z0-9_-])SSP\s*5\s*-\s*8\.5(?![A-Za-z0-9_-]) AND context_regex=(?<![A-Za-z0-9_-])likely\s+future(?![A-Za-z0-9_-]),deduped OpenAlex/Crossref records; title/abstract/keywords metadata only,2011-2020 inclusive,0,0,Required paired query family. Count is conservative because only returned metadata was classified; full text was not retrieved.
2026-05-27T12:09:11-04:00,local exact index over harvested metadata,scenario variant,local-ssp585-2011-2020 inclusive,scenario_variant_regex=(?<![A-Za-z0-9_-])SSP585(?![A-Za-z0-9_-]),deduped OpenAlex/Crossref records; title/abstract/keywords metadata only,2011-2020 inclusive,75,75,This is the local exact scenario spelling count after source-database harvest and deduplication.
2026-05-27T12:09:11-04:00,local exact index over harvested metadata,scenario plus BAU/default term,local-ssp585-business-space-as-space-usual-2011-2020 inclusive,scenario_variant_regex=(?<![A-Za-z0-9_-])SSP585(?![A-Za-z0-9_-]) AND context_regex=(?<![A-Za-z0-9_-])business\s+as\s+usual(?![A-Za-z0-9_-]),deduped OpenAlex/Crossref records; title/abstract/keywords metadata only,2011-2020 inclusive,0,0,Required paired query family. Count is conservative because only returned metadata was classified; full text was not retrieved.
2026-05-27T12:09:11-04:00,local exact index over harvested metadata,scenario plus BAU/default term,local-ssp585-business-hyphen-as-hyphen-usual-2011-2020 inclusive,scenario_variant_regex=(?<![A-Za-z0-9_-])SSP585(?![A-Za-z0-9_-]) AND context_regex=(?<![A-Za-z0-9_-])business-as-usual(?![A-Za-z0-9_-]),deduped OpenAlex/Crossref records; title/abstract/keywords metadata only,2011-2020 inclusive,0,0,Required paired query family. Count is conservative because only returned metadata was classified; full text was not retrieved.
2026-05-27T12:09:11-04:00,local exact index over harvested metadata,scenario plus BAU/default term,local-ssp585-bau-2011-2020 inclusive,scenario_variant_regex=(?<![A-Za-z0-9_-])SSP585(?![A-Za-z0-9_-]) AND context_regex=(?<![A-Za-z0-9_-])BAU(?![A-Za-z0-9_-]),deduped OpenAlex/Crossref records; title/abstract/keywords metadata only,2011-2020 inclusive,0,0,Required paired query family. Count is conservative because only returned metadata was classified; full text was not retrieved.
2026-05-27T12:09:11-04:00,local exact index over harvested metadata,scenario plus BAU/default term,local-ssp585-baseline-2011-2020 inclusive,scenario_variant_regex=(?<![A-Za-z0-9_-])SSP585(?![A-Za-z0-9_-]) AND context_regex=(?<![A-Za-z0-9_-])baselines?(?![A-Za-z0-9_-]),deduped OpenAlex/Crossref records; title/abstract/keywords metadata only,2011-2020 inclusive,2,2,Required paired query family. Count is conservative because only returned metadata was classified; full text was not retrieved.
2026-05-27T12:09:11-04:00,local exact index over harvested metadata,scenario plus BAU/default term,local-ssp585-no-space-policy-2011-2020 inclusive,scenario_variant_regex=(?<![A-Za-z0-9_-])SSP585(?![A-Za-z0-9_-]) AND context_regex=(?<![A-Za-z0-9_-])no\s+policy(?![A-Za-z0-9_-]),deduped OpenAlex/Crossref records; title/abstract/keywords metadata only,2011-2020 inclusive,0,0,Required paired query family. Count is conservative because only returned metadata was classified; full text was not retrieved.
2026-05-27T12:09:11-04:00,local exact index over harvested metadata,scenario plus BAU/default term,local-ssp585-no-hyphen-policy-2011-2020 inclusive,scenario_variant_regex=(?<![A-Za-z0-9_-])SSP585(?![A-Za-z0-9_-]) AND context_regex=(?<![A-Za-z0-9_-])no-policy(?![A-Za-z0-9_-]),deduped OpenAlex/Crossref records; title/abstract/keywords metadata only,2011-2020 inclusive,0,0,Required paired query family. Count is conservative because only returned metadata was classified; full text was not retrieved.
2026-05-27T12:09:11-04:00,local exact index over harvested metadata,scenario plus BAU/default term,local-ssp585-no-space-additional-space-action-2011-2020 inclusive,scenario_variant_regex=(?<![A-Za-z0-9_-])SSP585(?![A-Za-z0-9_-]) AND context_regex=(?<![A-Za-z0-9_-])no\s+additional\s+action(?![A-Za-z0-9_-]),deduped OpenAlex/Crossref records; title/abstract/keywords metadata only,2011-2020 inclusive,0,0,Required paired query family. Count is conservative because only returned metadata was classified; full text was not retrieved.
2026-05-27T12:09:11-04:00,local exact index over harvested metadata,scenario plus BAU/default term,local-ssp585-current-space-policies-2011-2020 inclusive,scenario_variant_regex=(?<![A-Za-z0-9_-])SSP585(?![A-Za-z0-9_-]) AND context_regex=(?<![A-Za-z0-9_-])current\s+polic(?:y|ies)(?![A-Za-z0-9_-]),deduped OpenAlex/Crossref records; title/abstract/keywords metadata only,2011-2020 inclusive,0,0,Required paired query family. Count is conservative because only returned metadata was classified; full text was not retrieved.
2026-05-27T12:09:11-04:00,local exact index over harvested metadata,scenario plus BAU/default term,local-ssp585-default-space-future-2011-2020 inclusive,scenario_variant_regex=(?<![A-Za-z0-9_-])SSP585(?![A-Za-z0-9_-]) AND context_regex=(?<![A-Za-z0-9_-])default\s+future(?![A-Za-z0-9_-]),deduped OpenAlex/Crossref records; title/abstract/keywords metadata only,2011-2020 inclusive,0,0,Required paired query family. Count is conservative because only returned metadata was classified; full text was not retrieved.
2026-05-27T12:09:11-04:00,local exact index over harvested metadata,scenario plus BAU/default term,local-ssp585-likely-space-future-2011-2020 inclusive,scenario_variant_regex=(?<![A-Za-z0-9_-])SSP585(?![A-Za-z0-9_-]) AND context_regex=(?<![A-Za-z0-9_-])likely\s+future(?![A-Za-z0-9_-]),deduped OpenAlex/Crossref records; title/abstract/keywords metadata only,2011-2020 inclusive,0,0,Required paired query family. Count is conservative because only returned metadata was classified; full text was not retrieved.
2026-05-27T12:09:11-04:00,local exact index over harvested metadata,scenario variant,local-rcp8-dot-5-2021-2026 inclusive,scenario_variant_regex=(?<![A-Za-z0-9_-])RCP\s*8\.5(?![A-Za-z0-9_-]),deduped OpenAlex/Crossref records; title/abstract/keywords metadata only,2021-2026 inclusive,11894,11894,This is the local exact scenario spelling count after source-database harvest and deduplication.
2026-05-27T12:09:11-04:00,local exact index over harvested metadata,scenario plus BAU/default term,local-rcp8-dot-5-business-space-as-space-usual-2021-2026 inclusive,scenario_variant_regex=(?<![A-Za-z0-9_-])RCP\s*8\.5(?![A-Za-z0-9_-]) AND context_regex=(?<![A-Za-z0-9_-])business\s+as\s+usual(?![A-Za-z0-9_-]),deduped OpenAlex/Crossref records; title/abstract/keywords metadata only,2021-2026 inclusive,51,51,Required paired query family. Count is conservative because only returned metadata was classified; full text was not retrieved.
2026-05-27T12:09:11-04:00,local exact index over harvested metadata,scenario plus BAU/default term,local-rcp8-dot-5-business-hyphen-as-hyphen-usual-2021-2026 inclusive,scenario_variant_regex=(?<![A-Za-z0-9_-])RCP\s*8\.5(?![A-Za-z0-9_-]) AND context_regex=(?<![A-Za-z0-9_-])business-as-usual(?![A-Za-z0-9_-]),deduped OpenAlex/Crossref records; title/abstract/keywords metadata only,2021-2026 inclusive,73,73,Required paired query family. Count is conservative because only returned metadata was classified; full text was not retrieved.
2026-05-27T12:09:11-04:00,local exact index over harvested metadata,scenario plus BAU/default term,local-rcp8-dot-5-bau-2021-2026 inclusive,scenario_variant_regex=(?<![A-Za-z0-9_-])RCP\s*8\.5(?![A-Za-z0-9_-]) AND context_regex=(?<![A-Za-z0-9_-])BAU(?![A-Za-z0-9_-]),deduped OpenAlex/Crossref records; title/abstract/keywords metadata only,2021-2026 inclusive,21,21,Required paired query family. Count is conservative because only returned metadata was classified; full text was not retrieved.
2026-05-27T12:09:11-04:00,local exact index over harvested metadata,scenario plus BAU/default term,local-rcp8-dot-5-baseline-2021-2026 inclusive,scenario_variant_regex=(?<![A-Za-z0-9_-])RCP\s*8\.5(?![A-Za-z0-9_-]) AND context_regex=(?<![A-Za-z0-9_-])baselines?(?![A-Za-z0-9_-]),deduped OpenAlex/Crossref records; title/abstract/keywords metadata only,2021-2026 inclusive,908,908,Required paired query family. Count is conservative because only returned metadata was classified; full text was not retrieved.
2026-05-27T12:09:11-04:00,local exact index over harvested metadata,scenario plus BAU/default term,local-rcp8-dot-5-no-space-policy-2021-2026 inclusive,scenario_variant_regex=(?<![A-Za-z0-9_-])RCP\s*8\.5(?![A-Za-z0-9_-]) AND context_regex=(?<![A-Za-z0-9_-])no\s+policy(?![A-Za-z0-9_-]),deduped OpenAlex/Crossref records; title/abstract/keywords metadata only,2021-2026 inclusive,0,0,Required paired query family. Count is conservative because only returned metadata was classified; full text was not retrieved.
2026-05-27T12:09:11-04:00,local exact index over harvested metadata,scenario plus BAU/default term,local-rcp8-dot-5-no-hyphen-policy-2021-2026 inclusive,scenario_variant_regex=(?<![A-Za-z0-9_-])RCP\s*8\.5(?![A-Za-z0-9_-]) AND context_regex=(?<![A-Za-z0-9_-])no-policy(?![A-Za-z0-9_-]),deduped OpenAlex/Crossref records; title/abstract/keywords metadata only,2021-2026 inclusive,1,1,Required paired query family. Count is conservative because only returned metadata was classified; full text was not retrieved.
2026-05-27T12:09:11-04:00,local exact index over harvested metadata,scenario plus BAU/default term,local-rcp8-dot-5-no-space-additional-space-action-2021-2026 inclusive,scenario_variant_regex=(?<![A-Za-z0-9_-])RCP\s*8\.5(?![A-Za-z0-9_-]) AND context_regex=(?<![A-Za-z0-9_-])no\s+additional\s+action(?![A-Za-z0-9_-]),deduped OpenAlex/Crossref records; title/abstract/keywords metadata only,2021-2026 inclusive,0,0,Required paired query family. Count is conservative because only returned metadata was classified; full text was not retrieved.
2026-05-27T12:09:11-04:00,local exact index over harvested metadata,scenario plus BAU/default term,local-rcp8-dot-5-current-space-policies-2021-2026 inclusive,scenario_variant_regex=(?<![A-Za-z0-9_-])RCP\s*8\.5(?![A-Za-z0-9_-]) AND context_regex=(?<![A-Za-z0-9_-])current\s+polic(?:y|ies)(?![A-Za-z0-9_-]),deduped OpenAlex/Crossref records; title/abstract/keywords metadata only,2021-2026 inclusive,9,9,Required paired query family. Count is conservative because only returned metadata was classified; full text was not retrieved.
2026-05-27T12:09:11-04:00,local exact index over harvested metadata,scenario plus BAU/default term,local-rcp8-dot-5-default-space-future-2021-2026 inclusive,scenario_variant_regex=(?<![A-Za-z0-9_-])RCP\s*8\.5(?![A-Za-z0-9_-]) AND context_regex=(?<![A-Za-z0-9_-])default\s+future(?![A-Za-z0-9_-]),deduped OpenAlex/Crossref records; title/abstract/keywords metadata only,2021-2026 inclusive,0,0,Required paired query family. Count is conservative because only returned metadata was classified; full text was not retrieved.
2026-05-27T12:09:11-04:00,local exact index over harvested metadata,scenario plus BAU/default term,local-rcp8-dot-5-likely-space-future-2021-2026 inclusive,scenario_variant_regex=(?<![A-Za-z0-9_-])RCP\s*8\.5(?![A-Za-z0-9_-]) AND context_regex=(?<![A-Za-z0-9_-])likely\s+future(?![A-Za-z0-9_-]),deduped OpenAlex/Crossref records; title/abstract/keywords metadata only,2021-2026 inclusive,10,10,Required paired query family. Count is conservative because only returned metadata was classified; full text was not retrieved.
2026-05-27T12:09:11-04:00,local exact index over harvested metadata,scenario variant,local-rcp-space-8-dot-5-2021-2026 inclusive,scenario_variant_regex=(?<![A-Za-z0-9_-])RCP\s+8\.5(?![A-Za-z0-9_-]),deduped OpenAlex/Crossref records; title/abstract/keywords metadata only,2021-2026 inclusive,9993,9993,This is the local exact scenario spelling count after source-database harvest and deduplication.
2026-05-27T12:09:11-04:00,local exact index over harvested metadata,scenario plus BAU/default term,local-rcp-space-8-dot-5-business-space-as-space-usual-2021-2026 inclusive,scenario_variant_regex=(?<![A-Za-z0-9_-])RCP\s+8\.5(?![A-Za-z0-9_-]) AND context_regex=(?<![A-Za-z0-9_-])business\s+as\s+usual(?![A-Za-z0-9_-]),deduped OpenAlex/Crossref records; title/abstract/keywords metadata only,2021-2026 inclusive,40,40,Required paired query family. Count is conservative because only returned metadata was classified; full text was not retrieved.
2026-05-27T12:09:11-04:00,local exact index over harvested metadata,scenario plus BAU/default term,local-rcp-space-8-dot-5-business-hyphen-as-hyphen-usual-2021-2026 inclusive,scenario_variant_regex=(?<![A-Za-z0-9_-])RCP\s+8\.5(?![A-Za-z0-9_-]) AND context_regex=(?<![A-Za-z0-9_-])business-as-usual(?![A-Za-z0-9_-]),deduped OpenAlex/Crossref records; title/abstract/keywords metadata only,2021-2026 inclusive,46,46,Required paired query family. Count is conservative because only returned metadata was classified; full text was not retrieved.
2026-05-27T12:09:11-04:00,local exact index over harvested metadata,scenario plus BAU/default term,local-rcp-space-8-dot-5-bau-2021-2026 inclusive,scenario_variant_regex=(?<![A-Za-z0-9_-])RCP\s+8\.5(?![A-Za-z0-9_-]) AND context_regex=(?<![A-Za-z0-9_-])BAU(?![A-Za-z0-9_-]),deduped OpenAlex/Crossref records; title/abstract/keywords metadata only,2021-2026 inclusive,20,20,Required paired query family. Count is conservative because only returned metadata was classified; full text was not retrieved.
2026-05-27T12:09:11-04:00,local exact index over harvested metadata,scenario plus BAU/default term,local-rcp-space-8-dot-5-baseline-2021-2026 inclusive,scenario_variant_regex=(?<![A-Za-z0-9_-])RCP\s+8\.5(?![A-Za-z0-9_-]) AND context_regex=(?<![A-Za-z0-9_-])baselines?(?![A-Za-z0-9_-]),deduped OpenAlex/Crossref records; title/abstract/keywords metadata only,2021-2026 inclusive,659,659,Required paired query family. Count is conservative because only returned metadata was classified; full text was not retrieved.
2026-05-27T12:09:11-04:00,local exact index over harvested metadata,scenario plus BAU/default term,local-rcp-space-8-dot-5-no-space-policy-2021-2026 inclusive,scenario_variant_regex=(?<![A-Za-z0-9_-])RCP\s+8\.5(?![A-Za-z0-9_-]) AND context_regex=(?<![A-Za-z0-9_-])no\s+policy(?![A-Za-z0-9_-]),deduped OpenAlex/Crossref records; title/abstract/keywords metadata only,2021-2026 inclusive,0,0,Required paired query family. Count is conservative because only returned metadata was classified; full text was not retrieved.
2026-05-27T12:09:11-04:00,local exact index over harvested metadata,scenario plus BAU/default term,local-rcp-space-8-dot-5-no-hyphen-policy-2021-2026 inclusive,scenario_variant_regex=(?<![A-Za-z0-9_-])RCP\s+8\.5(?![A-Za-z0-9_-]) AND context_regex=(?<![A-Za-z0-9_-])no-policy(?![A-Za-z0-9_-]),deduped OpenAlex/Crossref records; title/abstract/keywords metadata only,2021-2026 inclusive,0,0,Required paired query family. Count is conservative because only returned metadata was classified; full text was not retrieved.
2026-05-27T12:09:11-04:00,local exact index over harvested metadata,scenario plus BAU/default term,local-rcp-space-8-dot-5-no-space-additional-space-action-2021-2026 inclusive,scenario_variant_regex=(?<![A-Za-z0-9_-])RCP\s+8\.5(?![A-Za-z0-9_-]) AND context_regex=(?<![A-Za-z0-9_-])no\s+additional\s+action(?![A-Za-z0-9_-]),deduped OpenAlex/Crossref records; title/abstract/keywords metadata only,2021-2026 inclusive,0,0,Required paired query family. Count is conservative because only returned metadata was classified; full text was not retrieved.
2026-05-27T12:09:11-04:00,local exact index over harvested metadata,scenario plus BAU/default term,local-rcp-space-8-dot-5-current-space-policies-2021-2026 inclusive,scenario_variant_regex=(?<![A-Za-z0-9_-])RCP\s+8\.5(?![A-Za-z0-9_-]) AND context_regex=(?<![A-Za-z0-9_-])current\s+polic(?:y|ies)(?![A-Za-z0-9_-]),deduped OpenAlex/Crossref records; title/abstract/keywords metadata only,2021-2026 inclusive,10,10,Required paired query family. Count is conservative because only returned metadata was classified; full text was not retrieved.
2026-05-27T12:09:11-04:00,local exact index over harvested metadata,scenario plus BAU/default term,local-rcp-space-8-dot-5-default-space-future-2021-2026 inclusive,scenario_variant_regex=(?<![A-Za-z0-9_-])RCP\s+8\.5(?![A-Za-z0-9_-]) AND context_regex=(?<![A-Za-z0-9_-])default\s+future(?![A-Za-z0-9_-]),deduped OpenAlex/Crossref records; title/abstract/keywords metadata only,2021-2026 inclusive,0,0,Required paired query family. Count is conservative because only returned metadata was classified; full text was not retrieved.
2026-05-27T12:09:11-04:00,local exact index over harvested metadata,scenario plus BAU/default term,local-rcp-space-8-dot-5-likely-space-future-2021-2026 inclusive,scenario_variant_regex=(?<![A-Za-z0-9_-])RCP\s+8\.5(?![A-Za-z0-9_-]) AND context_regex=(?<![A-Za-z0-9_-])likely\s+future(?![A-Za-z0-9_-]),deduped OpenAlex/Crossref records; title/abstract/keywords metadata only,2021-2026 inclusive,7,7,Required paired query family. Count is conservative because only returned metadata was classified; full text was not retrieved.
2026-05-27T12:09:11-04:00,local exact index over harvested metadata,scenario variant,local-rcp85-2021-2026 inclusive,scenario_variant_regex=(?<![A-Za-z0-9_-])RCP85(?![A-Za-z0-9_-]),deduped OpenAlex/Crossref records; title/abstract/keywords metadata only,2021-2026 inclusive,283,283,This is the local exact scenario spelling count after source-database harvest and deduplication.
2026-05-27T12:09:11-04:00,local exact index over harvested metadata,scenario plus BAU/default term,local-rcp85-business-space-as-space-usual-2021-2026 inclusive,scenario_variant_regex=(?<![A-Za-z0-9_-])RCP85(?![A-Za-z0-9_-]) AND context_regex=(?<![A-Za-z0-9_-])business\s+as\s+usual(?![A-Za-z0-9_-]),deduped OpenAlex/Crossref records; title/abstract/keywords metadata only,2021-2026 inclusive,1,1,Required paired query family. Count is conservative because only returned metadata was classified; full text was not retrieved.
2026-05-27T12:09:11-04:00,local exact index over harvested metadata,scenario plus BAU/default term,local-rcp85-business-hyphen-as-hyphen-usual-2021-2026 inclusive,scenario_variant_regex=(?<![A-Za-z0-9_-])RCP85(?![A-Za-z0-9_-]) AND context_regex=(?<![A-Za-z0-9_-])business-as-usual(?![A-Za-z0-9_-]),deduped OpenAlex/Crossref records; title/abstract/keywords metadata only,2021-2026 inclusive,0,0,Required paired query family. Count is conservative because only returned metadata was classified; full text was not retrieved.
2026-05-27T12:09:11-04:00,local exact index over harvested metadata,scenario plus BAU/default term,local-rcp85-bau-2021-2026 inclusive,scenario_variant_regex=(?<![A-Za-z0-9_-])RCP85(?![A-Za-z0-9_-]) AND context_regex=(?<![A-Za-z0-9_-])BAU(?![A-Za-z0-9_-]),deduped OpenAlex/Crossref records; title/abstract/keywords metadata only,2021-2026 inclusive,0,0,Required paired query family. Count is conservative because only returned metadata was classified; full text was not retrieved.
2026-05-27T12:09:11-04:00,local exact index over harvested metadata,scenario plus BAU/default term,local-rcp85-baseline-2021-2026 inclusive,scenario_variant_regex=(?<![A-Za-z0-9_-])RCP85(?![A-Za-z0-9_-]) AND context_regex=(?<![A-Za-z0-9_-])baselines?(?![A-Za-z0-9_-]),deduped OpenAlex/Crossref records; title/abstract/keywords metadata only,2021-2026 inclusive,15,15,Required paired query family. Count is conservative because only returned metadata was classified; full text was not retrieved.
2026-05-27T12:09:11-04:00,local exact index over harvested metadata,scenario plus BAU/default term,local-rcp85-no-space-policy-2021-2026 inclusive,scenario_variant_regex=(?<![A-Za-z0-9_-])RCP85(?![A-Za-z0-9_-]) AND context_regex=(?<![A-Za-z0-9_-])no\s+policy(?![A-Za-z0-9_-]),deduped OpenAlex/Crossref records; title/abstract/keywords metadata only,2021-2026 inclusive,0,0,Required paired query family. Count is conservative because only returned metadata was classified; full text was not retrieved.
2026-05-27T12:09:11-04:00,local exact index over harvested metadata,scenario plus BAU/default term,local-rcp85-no-hyphen-policy-2021-2026 inclusive,scenario_variant_regex=(?<![A-Za-z0-9_-])RCP85(?![A-Za-z0-9_-]) AND context_regex=(?<![A-Za-z0-9_-])no-policy(?![A-Za-z0-9_-]),deduped OpenAlex/Crossref records; title/abstract/keywords metadata only,2021-2026 inclusive,0,0,Required paired query family. Count is conservative because only returned metadata was classified; full text was not retrieved.
2026-05-27T12:09:11-04:00,local exact index over harvested metadata,scenario plus BAU/default term,local-rcp85-no-space-additional-space-action-2021-2026 inclusive,scenario_variant_regex=(?<![A-Za-z0-9_-])RCP85(?![A-Za-z0-9_-]) AND context_regex=(?<![A-Za-z0-9_-])no\s+additional\s+action(?![A-Za-z0-9_-]),deduped OpenAlex/Crossref records; title/abstract/keywords metadata only,2021-2026 inclusive,0,0,Required paired query family. Count is conservative because only returned metadata was classified; full text was not retrieved.
2026-05-27T12:09:11-04:00,local exact index over harvested metadata,scenario plus BAU/default term,local-rcp85-current-space-policies-2021-2026 inclusive,scenario_variant_regex=(?<![A-Za-z0-9_-])RCP85(?![A-Za-z0-9_-]) AND context_regex=(?<![A-Za-z0-9_-])current\s+polic(?:y|ies)(?![A-Za-z0-9_-]),deduped OpenAlex/Crossref records; title/abstract/keywords metadata only,2021-2026 inclusive,0,0,Required paired query family. Count is conservative because only returned metadata was classified; full text was not retrieved.
2026-05-27T12:09:11-04:00,local exact index over harvested metadata,scenario plus BAU/default term,local-rcp85-default-space-future-2021-2026 inclusive,scenario_variant_regex=(?<![A-Za-z0-9_-])RCP85(?![A-Za-z0-9_-]) AND context_regex=(?<![A-Za-z0-9_-])default\s+future(?![A-Za-z0-9_-]),deduped OpenAlex/Crossref records; title/abstract/keywords metadata only,2021-2026 inclusive,0,0,Required paired query family. Count is conservative because only returned metadata was classified; full text was not retrieved.
2026-05-27T12:09:11-04:00,local exact index over harvested metadata,scenario plus BAU/default term,local-rcp85-likely-space-future-2021-2026 inclusive,scenario_variant_regex=(?<![A-Za-z0-9_-])RCP85(?![A-Za-z0-9_-]) AND context_regex=(?<![A-Za-z0-9_-])likely\s+future(?![A-Za-z0-9_-]),deduped OpenAlex/Crossref records; title/abstract/keywords metadata only,2021-2026 inclusive,0,0,Required paired query family. Count is conservative because only returned metadata was classified; full text was not retrieved.
2026-05-27T12:09:11-04:00,local exact index over harvested metadata,scenario variant,local-rcp-hyphen-8-dot-5-2021-2026 inclusive,scenario_variant_regex=(?<![A-Za-z0-9_-])RCP\s*-\s*8\.5(?![A-Za-z0-9_-]),deduped OpenAlex/Crossref records; title/abstract/keywords metadata only,2021-2026 inclusive,8238,8238,This is the local exact scenario spelling count after source-database harvest and deduplication.
2026-05-27T12:09:11-04:00,local exact index over harvested metadata,scenario plus BAU/default term,local-rcp-hyphen-8-dot-5-business-space-as-space-usual-2021-2026 inclusive,scenario_variant_regex=(?<![A-Za-z0-9_-])RCP\s*-\s*8\.5(?![A-Za-z0-9_-]) AND context_regex=(?<![A-Za-z0-9_-])business\s+as\s+usual(?![A-Za-z0-9_-]),deduped OpenAlex/Crossref records; title/abstract/keywords metadata only,2021-2026 inclusive,24,24,Required paired query family. Count is conservative because only returned metadata was classified; full text was not retrieved.
2026-05-27T12:09:11-04:00,local exact index over harvested metadata,scenario plus BAU/default term,local-rcp-hyphen-8-dot-5-business-hyphen-as-hyphen-usual-2021-2026 inclusive,scenario_variant_regex=(?<![A-Za-z0-9_-])RCP\s*-\s*8\.5(?![A-Za-z0-9_-]) AND context_regex=(?<![A-Za-z0-9_-])business-as-usual(?![A-Za-z0-9_-]),deduped OpenAlex/Crossref records; title/abstract/keywords metadata only,2021-2026 inclusive,33,33,Required paired query family. Count is conservative because only returned metadata was classified; full text was not retrieved.
2026-05-27T12:09:11-04:00,local exact index over harvested metadata,scenario plus BAU/default term,local-rcp-hyphen-8-dot-5-bau-2021-2026 inclusive,scenario_variant_regex=(?<![A-Za-z0-9_-])RCP\s*-\s*8\.5(?![A-Za-z0-9_-]) AND context_regex=(?<![A-Za-z0-9_-])BAU(?![A-Za-z0-9_-]),deduped OpenAlex/Crossref records; title/abstract/keywords metadata only,2021-2026 inclusive,12,12,Required paired query family. Count is conservative because only returned metadata was classified; full text was not retrieved.
2026-05-27T12:09:11-04:00,local exact index over harvested metadata,scenario plus BAU/default term,local-rcp-hyphen-8-dot-5-baseline-2021-2026 inclusive,scenario_variant_regex=(?<![A-Za-z0-9_-])RCP\s*-\s*8\.5(?![A-Za-z0-9_-]) AND context_regex=(?<![A-Za-z0-9_-])baselines?(?![A-Za-z0-9_-]),deduped OpenAlex/Crossref records; title/abstract/keywords metadata only,2021-2026 inclusive,441,441,Required paired query family. Count is conservative because only returned metadata was classified; full text was not retrieved.
2026-05-27T12:09:11-04:00,local exact index over harvested metadata,scenario plus BAU/default term,local-rcp-hyphen-8-dot-5-no-space-policy-2021-2026 inclusive,scenario_variant_regex=(?<![A-Za-z0-9_-])RCP\s*-\s*8\.5(?![A-Za-z0-9_-]) AND context_regex=(?<![A-Za-z0-9_-])no\s+policy(?![A-Za-z0-9_-]),deduped OpenAlex/Crossref records; title/abstract/keywords metadata only,2021-2026 inclusive,0,0,Required paired query family. Count is conservative because only returned metadata was classified; full text was not retrieved.
2026-05-27T12:09:11-04:00,local exact index over harvested metadata,scenario plus BAU/default term,local-rcp-hyphen-8-dot-5-no-hyphen-policy-2021-2026 inclusive,scenario_variant_regex=(?<![A-Za-z0-9_-])RCP\s*-\s*8\.5(?![A-Za-z0-9_-]) AND context_regex=(?<![A-Za-z0-9_-])no-policy(?![A-Za-z0-9_-]),deduped OpenAlex/Crossref records; title/abstract/keywords metadata only,2021-2026 inclusive,0,0,Required paired query family. Count is conservative because only returned metadata was classified; full text was not retrieved.
2026-05-27T12:09:11-04:00,local exact index over harvested metadata,scenario plus BAU/default term,local-rcp-hyphen-8-dot-5-no-space-additional-space-action-2021-2026 inclusive,scenario_variant_regex=(?<![A-Za-z0-9_-])RCP\s*-\s*8\.5(?![A-Za-z0-9_-]) AND context_regex=(?<![A-Za-z0-9_-])no\s+additional\s+action(?![A-Za-z0-9_-]),deduped OpenAlex/Crossref records; title/abstract/keywords metadata only,2021-2026 inclusive,0,0,Required paired query family. Count is conservative because only returned metadata was classified; full text was not retrieved.
2026-05-27T12:09:11-04:00,local exact index over harvested metadata,scenario plus BAU/default term,local-rcp-hyphen-8-dot-5-current-space-policies-2021-2026 inclusive,scenario_variant_regex=(?<![A-Za-z0-9_-])RCP\s*-\s*8\.5(?![A-Za-z0-9_-]) AND context_regex=(?<![A-Za-z0-9_-])current\s+polic(?:y|ies)(?![A-Za-z0-9_-]),deduped OpenAlex/Crossref records; title/abstract/keywords metadata only,2021-2026 inclusive,10,10,Required paired query family. Count is conservative because only returned metadata was classified; full text was not retrieved.
2026-05-27T12:09:11-04:00,local exact index over harvested metadata,scenario plus BAU/default term,local-rcp-hyphen-8-dot-5-default-space-future-2021-2026 inclusive,scenario_variant_regex=(?<![A-Za-z0-9_-])RCP\s*-\s*8\.5(?![A-Za-z0-9_-]) AND context_regex=(?<![A-Za-z0-9_-])default\s+future(?![A-Za-z0-9_-]),deduped OpenAlex/Crossref records; title/abstract/keywords metadata only,2021-2026 inclusive,0,0,Required paired query family. Count is conservative because only returned metadata was classified; full text was not retrieved.
2026-05-27T12:09:11-04:00,local exact index over harvested metadata,scenario plus BAU/default term,local-rcp-hyphen-8-dot-5-likely-space-future-2021-2026 inclusive,scenario_variant_regex=(?<![A-Za-z0-9_-])RCP\s*-\s*8\.5(?![A-Za-z0-9_-]) AND context_regex=(?<![A-Za-z0-9_-])likely\s+future(?![A-Za-z0-9_-]),deduped OpenAlex/Crossref records; title/abstract/keywords metadata only,2021-2026 inclusive,5,5,Required paired query family. Count is conservative because only returned metadata was classified; full text was not retrieved.
2026-05-27T12:09:11-04:00,local exact index over harvested metadata,scenario variant,local-ssp5-hyphen-8-dot-5-2021-2026 inclusive,scenario_variant_regex=(?<![A-Za-z0-9_-])SSP\s*5\s*-\s*8\.5(?![A-Za-z0-9_-]),deduped OpenAlex/Crossref records; title/abstract/keywords metadata only,2021-2026 inclusive,8051,8051,This is the local exact scenario spelling count after source-database harvest and deduplication.
2026-05-27T12:09:11-04:00,local exact index over harvested metadata,scenario plus BAU/default term,local-ssp5-hyphen-8-dot-5-business-space-as-space-usual-2021-2026 inclusive,scenario_variant_regex=(?<![A-Za-z0-9_-])SSP\s*5\s*-\s*8\.5(?![A-Za-z0-9_-]) AND context_regex=(?<![A-Za-z0-9_-])business\s+as\s+usual(?![A-Za-z0-9_-]),deduped OpenAlex/Crossref records; title/abstract/keywords metadata only,2021-2026 inclusive,15,15,Required paired query family. Count is conservative because only returned metadata was classified; full text was not retrieved.
2026-05-27T12:09:11-04:00,local exact index over harvested metadata,scenario plus BAU/default term,local-ssp5-hyphen-8-dot-5-business-hyphen-as-hyphen-usual-2021-2026 inclusive,scenario_variant_regex=(?<![A-Za-z0-9_-])SSP\s*5\s*-\s*8\.5(?![A-Za-z0-9_-]) AND context_regex=(?<![A-Za-z0-9_-])business-as-usual(?![A-Za-z0-9_-]),deduped OpenAlex/Crossref records; title/abstract/keywords metadata only,2021-2026 inclusive,31,31,Required paired query family. Count is conservative because only returned metadata was classified; full text was not retrieved.
2026-05-27T12:09:11-04:00,local exact index over harvested metadata,scenario plus BAU/default term,local-ssp5-hyphen-8-dot-5-bau-2021-2026 inclusive,scenario_variant_regex=(?<![A-Za-z0-9_-])SSP\s*5\s*-\s*8\.5(?![A-Za-z0-9_-]) AND context_regex=(?<![A-Za-z0-9_-])BAU(?![A-Za-z0-9_-]),deduped OpenAlex/Crossref records; title/abstract/keywords metadata only,2021-2026 inclusive,9,9,Required paired query family. Count is conservative because only returned metadata was classified; full text was not retrieved.
2026-05-27T12:09:11-04:00,local exact index over harvested metadata,scenario plus BAU/default term,local-ssp5-hyphen-8-dot-5-baseline-2021-2026 inclusive,scenario_variant_regex=(?<![A-Za-z0-9_-])SSP\s*5\s*-\s*8\.5(?![A-Za-z0-9_-]) AND context_regex=(?<![A-Za-z0-9_-])baselines?(?![A-Za-z0-9_-]),deduped OpenAlex/Crossref records; title/abstract/keywords metadata only,2021-2026 inclusive,645,645,Required paired query family. Count is conservative because only returned metadata was classified; full text was not retrieved.
2026-05-27T12:09:11-04:00,local exact index over harvested metadata,scenario plus BAU/default term,local-ssp5-hyphen-8-dot-5-no-space-policy-2021-2026 inclusive,scenario_variant_regex=(?<![A-Za-z0-9_-])SSP\s*5\s*-\s*8\.5(?![A-Za-z0-9_-]) AND context_regex=(?<![A-Za-z0-9_-])no\s+policy(?![A-Za-z0-9_-]),deduped OpenAlex/Crossref records; title/abstract/keywords metadata only,2021-2026 inclusive,1,1,Required paired query family. Count is conservative because only returned metadata was classified; full text was not retrieved.
2026-05-27T12:09:11-04:00,local exact index over harvested metadata,scenario plus BAU/default term,local-ssp5-hyphen-8-dot-5-no-hyphen-policy-2021-2026 inclusive,scenario_variant_regex=(?<![A-Za-z0-9_-])SSP\s*5\s*-\s*8\.5(?![A-Za-z0-9_-]) AND context_regex=(?<![A-Za-z0-9_-])no-policy(?![A-Za-z0-9_-]),deduped OpenAlex/Crossref records; title/abstract/keywords metadata only,2021-2026 inclusive,0,0,Required paired query family. Count is conservative because only returned metadata was classified; full text was not retrieved.
2026-05-27T12:09:11-04:00,local exact index over harvested metadata,scenario plus BAU/default term,local-ssp5-hyphen-8-dot-5-no-space-additional-space-action-2021-2026 inclusive,scenario_variant_regex=(?<![A-Za-z0-9_-])SSP\s*5\s*-\s*8\.5(?![A-Za-z0-9_-]) AND context_regex=(?<![A-Za-z0-9_-])no\s+additional\s+action(?![A-Za-z0-9_-]),deduped OpenAlex/Crossref records; title/abstract/keywords metadata only,2021-2026 inclusive,0,0,Required paired query family. Count is conservative because only returned metadata was classified; full text was not retrieved.
2026-05-27T12:09:11-04:00,local exact index over harvested metadata,scenario plus BAU/default term,local-ssp5-hyphen-8-dot-5-current-space-policies-2021-2026 inclusive,scenario_variant_regex=(?<![A-Za-z0-9_-])SSP\s*5\s*-\s*8\.5(?![A-Za-z0-9_-]) AND context_regex=(?<![A-Za-z0-9_-])current\s+polic(?:y|ies)(?![A-Za-z0-9_-]),deduped OpenAlex/Crossref records; title/abstract/keywords metadata only,2021-2026 inclusive,8,8,Required paired query family. Count is conservative because only returned metadata was classified; full text was not retrieved.
2026-05-27T12:09:11-04:00,local exact index over harvested metadata,scenario plus BAU/default term,local-ssp5-hyphen-8-dot-5-default-space-future-2021-2026 inclusive,scenario_variant_regex=(?<![A-Za-z0-9_-])SSP\s*5\s*-\s*8\.5(?![A-Za-z0-9_-]) AND context_regex=(?<![A-Za-z0-9_-])default\s+future(?![A-Za-z0-9_-]),deduped OpenAlex/Crossref records; title/abstract/keywords metadata only,2021-2026 inclusive,0,0,Required paired query family. Count is conservative because only returned metadata was classified; full text was not retrieved.
2026-05-27T12:09:11-04:00,local exact index over harvested metadata,scenario plus BAU/default term,local-ssp5-hyphen-8-dot-5-likely-space-future-2021-2026 inclusive,scenario_variant_regex=(?<![A-Za-z0-9_-])SSP\s*5\s*-\s*8\.5(?![A-Za-z0-9_-]) AND context_regex=(?<![A-Za-z0-9_-])likely\s+future(?![A-Za-z0-9_-]),deduped OpenAlex/Crossref records; title/abstract/keywords metadata only,2021-2026 inclusive,6,6,Required paired query family. Count is conservative because only returned metadata was classified; full text was not retrieved.
2026-05-27T12:09:11-04:00,local exact index over harvested metadata,scenario variant,local-ssp585-2021-2026 inclusive,scenario_variant_regex=(?<![A-Za-z0-9_-])SSP585(?![A-Za-z0-9_-]),deduped OpenAlex/Crossref records; title/abstract/keywords metadata only,2021-2026 inclusive,3516,3516,This is the local exact scenario spelling count after source-database harvest and deduplication.
2026-05-27T12:09:11-04:00,local exact index over harvested metadata,scenario plus BAU/default term,local-ssp585-business-space-as-space-usual-2021-2026 inclusive,scenario_variant_regex=(?<![A-Za-z0-9_-])SSP585(?![A-Za-z0-9_-]) AND context_regex=(?<![A-Za-z0-9_-])business\s+as\s+usual(?![A-Za-z0-9_-]),deduped OpenAlex/Crossref records; title/abstract/keywords metadata only,2021-2026 inclusive,11,11,Required paired query family. Count is conservative because only returned metadata was classified; full text was not retrieved.
2026-05-27T12:09:11-04:00,local exact index over harvested metadata,scenario plus BAU/default term,local-ssp585-business-hyphen-as-hyphen-usual-2021-2026 inclusive,scenario_variant_regex=(?<![A-Za-z0-9_-])SSP585(?![A-Za-z0-9_-]) AND context_regex=(?<![A-Za-z0-9_-])business-as-usual(?![A-Za-z0-9_-]),deduped OpenAlex/Crossref records; title/abstract/keywords metadata only,2021-2026 inclusive,8,8,Required paired query family. Count is conservative because only returned metadata was classified; full text was not retrieved.
2026-05-27T12:09:11-04:00,local exact index over harvested metadata,scenario plus BAU/default term,local-ssp585-bau-2021-2026 inclusive,scenario_variant_regex=(?<![A-Za-z0-9_-])SSP585(?![A-Za-z0-9_-]) AND context_regex=(?<![A-Za-z0-9_-])BAU(?![A-Za-z0-9_-]),deduped OpenAlex/Crossref records; title/abstract/keywords metadata only,2021-2026 inclusive,5,5,Required paired query family. Count is conservative because only returned metadata was classified; full text was not retrieved.
2026-05-27T12:09:11-04:00,local exact index over harvested metadata,scenario plus BAU/default term,local-ssp585-baseline-2021-2026 inclusive,scenario_variant_regex=(?<![A-Za-z0-9_-])SSP585(?![A-Za-z0-9_-]) AND context_regex=(?<![A-Za-z0-9_-])baselines?(?![A-Za-z0-9_-]),deduped OpenAlex/Crossref records; title/abstract/keywords metadata only,2021-2026 inclusive,222,222,Required paired query family. Count is conservative because only returned metadata was classified; full text was not retrieved.
2026-05-27T12:09:11-04:00,local exact index over harvested metadata,scenario plus BAU/default term,local-ssp585-no-space-policy-2021-2026 inclusive,scenario_variant_regex=(?<![A-Za-z0-9_-])SSP585(?![A-Za-z0-9_-]) AND context_regex=(?<![A-Za-z0-9_-])no\s+policy(?![A-Za-z0-9_-]),deduped OpenAlex/Crossref records; title/abstract/keywords metadata only,2021-2026 inclusive,0,0,Required paired query family. Count is conservative because only returned metadata was classified; full text was not retrieved.
2026-05-27T12:09:11-04:00,local exact index over harvested metadata,scenario plus BAU/default term,local-ssp585-no-hyphen-policy-2021-2026 inclusive,scenario_variant_regex=(?<![A-Za-z0-9_-])SSP585(?![A-Za-z0-9_-]) AND context_regex=(?<![A-Za-z0-9_-])no-policy(?![A-Za-z0-9_-]),deduped OpenAlex/Crossref records; title/abstract/keywords metadata only,2021-2026 inclusive,0,0,Required paired query family. Count is conservative because only returned metadata was classified; full text was not retrieved.
2026-05-27T12:09:11-04:00,local exact index over harvested metadata,scenario plus BAU/default term,local-ssp585-no-space-additional-space-action-2021-2026 inclusive,scenario_variant_regex=(?<![A-Za-z0-9_-])SSP585(?![A-Za-z0-9_-]) AND context_regex=(?<![A-Za-z0-9_-])no\s+additional\s+action(?![A-Za-z0-9_-]),deduped OpenAlex/Crossref records; title/abstract/keywords metadata only,2021-2026 inclusive,0,0,Required paired query family. Count is conservative because only returned metadata was classified; full text was not retrieved.
2026-05-27T12:09:11-04:00,local exact index over harvested metadata,scenario plus BAU/default term,local-ssp585-current-space-policies-2021-2026 inclusive,scenario_variant_regex=(?<![A-Za-z0-9_-])SSP585(?![A-Za-z0-9_-]) AND context_regex=(?<![A-Za-z0-9_-])current\s+polic(?:y|ies)(?![A-Za-z0-9_-]),deduped OpenAlex/Crossref records; title/abstract/keywords metadata only,2021-2026 inclusive,1,1,Required paired query family. Count is conservative because only returned metadata was classified; full text was not retrieved.
2026-05-27T12:09:11-04:00,local exact index over harvested metadata,scenario plus BAU/default term,local-ssp585-default-space-future-2021-2026 inclusive,scenario_variant_regex=(?<![A-Za-z0-9_-])SSP585(?![A-Za-z0-9_-]) AND context_regex=(?<![A-Za-z0-9_-])default\s+future(?![A-Za-z0-9_-]),deduped OpenAlex/Crossref records; title/abstract/keywords metadata only,2021-2026 inclusive,0,0,Required paired query family. Count is conservative because only returned metadata was classified; full text was not retrieved.
2026-05-27T12:09:11-04:00,local exact index over harvested metadata,scenario plus BAU/default term,local-ssp585-likely-space-future-2021-2026 inclusive,scenario_variant_regex=(?<![A-Za-z0-9_-])SSP585(?![A-Za-z0-9_-]) AND context_regex=(?<![A-Za-z0-9_-])likely\s+future(?![A-Za-z0-9_-]),deduped OpenAlex/Crossref records; title/abstract/keywords metadata only,2021-2026 inclusive,0,0,Required paired query family. Count is conservative because only returned metadata was classified; full text was not retrieved.
2026-05-27T12:09:11-04:00,local exact index over harvested metadata,scenario variant,local-rcp8-dot-5-early-2026 YTD through 2026-05-27,scenario_variant_regex=(?<![A-Za-z0-9_-])RCP\s*8\.5(?![A-Za-z0-9_-]),deduped OpenAlex/Crossref records; title/abstract/keywords metadata only,early-2026 YTD through 2026-05-27,815,815,This is the local exact scenario spelling count after source-database harvest and deduplication.
2026-05-27T12:09:11-04:00,local exact index over harvested metadata,scenario plus BAU/default term,local-rcp8-dot-5-business-space-as-space-usual-early-2026 YTD through 2026-05-27,scenario_variant_regex=(?<![A-Za-z0-9_-])RCP\s*8\.5(?![A-Za-z0-9_-]) AND context_regex=(?<![A-Za-z0-9_-])business\s+as\s+usual(?![A-Za-z0-9_-]),deduped OpenAlex/Crossref records; title/abstract/keywords metadata only,early-2026 YTD through 2026-05-27,6,6,Required paired query family. Count is conservative because only returned metadata was classified; full text was not retrieved.
2026-05-27T12:09:11-04:00,local exact index over harvested metadata,scenario plus BAU/default term,local-rcp8-dot-5-business-hyphen-as-hyphen-usual-early-2026 YTD through 2026-05-27,scenario_variant_regex=(?<![A-Za-z0-9_-])RCP\s*8\.5(?![A-Za-z0-9_-]) AND context_regex=(?<![A-Za-z0-9_-])business-as-usual(?![A-Za-z0-9_-]),deduped OpenAlex/Crossref records; title/abstract/keywords metadata only,early-2026 YTD through 2026-05-27,2,2,Required paired query family. Count is conservative because only returned metadata was classified; full text was not retrieved.
2026-05-27T12:09:11-04:00,local exact index over harvested metadata,scenario plus BAU/default term,local-rcp8-dot-5-bau-early-2026 YTD through 2026-05-27,scenario_variant_regex=(?<![A-Za-z0-9_-])RCP\s*8\.5(?![A-Za-z0-9_-]) AND context_regex=(?<![A-Za-z0-9_-])BAU(?![A-Za-z0-9_-]),deduped OpenAlex/Crossref records; title/abstract/keywords metadata only,early-2026 YTD through 2026-05-27,0,0,Required paired query family. Count is conservative because only returned metadata was classified; full text was not retrieved.
2026-05-27T12:09:11-04:00,local exact index over harvested metadata,scenario plus BAU/default term,local-rcp8-dot-5-baseline-early-2026 YTD through 2026-05-27,scenario_variant_regex=(?<![A-Za-z0-9_-])RCP\s*8\.5(?![A-Za-z0-9_-]) AND context_regex=(?<![A-Za-z0-9_-])baselines?(?![A-Za-z0-9_-]),deduped OpenAlex/Crossref records; title/abstract/keywords metadata only,early-2026 YTD through 2026-05-27,129,129,Required paired query family. Count is conservative because only returned metadata was classified; full text was not retrieved.
2026-05-27T12:09:11-04:00,local exact index over harvested metadata,scenario plus BAU/default term,local-rcp8-dot-5-no-space-policy-early-2026 YTD through 2026-05-27,scenario_variant_regex=(?<![A-Za-z0-9_-])RCP\s*8\.5(?![A-Za-z0-9_-]) AND context_regex=(?<![A-Za-z0-9_-])no\s+policy(?![A-Za-z0-9_-]),deduped OpenAlex/Crossref records; title/abstract/keywords metadata only,early-2026 YTD through 2026-05-27,0,0,Required paired query family. Count is conservative because only returned metadata was classified; full text was not retrieved.
2026-05-27T12:09:11-04:00,local exact index over harvested metadata,scenario plus BAU/default term,local-rcp8-dot-5-no-hyphen-policy-early-2026 YTD through 2026-05-27,scenario_variant_regex=(?<![A-Za-z0-9_-])RCP\s*8\.5(?![A-Za-z0-9_-]) AND context_regex=(?<![A-Za-z0-9_-])no-policy(?![A-Za-z0-9_-]),deduped OpenAlex/Crossref records; title/abstract/keywords metadata only,early-2026 YTD through 2026-05-27,0,0,Required paired query family. Count is conservative because only returned metadata was classified; full text was not retrieved.
2026-05-27T12:09:11-04:00,local exact index over harvested metadata,scenario plus BAU/default term,local-rcp8-dot-5-no-space-additional-space-action-early-2026 YTD through 2026-05-27,scenario_variant_regex=(?<![A-Za-z0-9_-])RCP\s*8\.5(?![A-Za-z0-9_-]) AND context_regex=(?<![A-Za-z0-9_-])no\s+additional\s+action(?![A-Za-z0-9_-]),deduped OpenAlex/Crossref records; title/abstract/keywords metadata only,early-2026 YTD through 2026-05-27,0,0,Required paired query family. Count is conservative because only returned metadata was classified; full text was not retrieved.
2026-05-27T12:09:11-04:00,local exact index over harvested metadata,scenario plus BAU/default term,local-rcp8-dot-5-current-space-policies-early-2026 YTD through 2026-05-27,scenario_variant_regex=(?<![A-Za-z0-9_-])RCP\s*8\.5(?![A-Za-z0-9_-]) AND context_regex=(?<![A-Za-z0-9_-])current\s+polic(?:y|ies)(?![A-Za-z0-9_-]),deduped OpenAlex/Crossref records; title/abstract/keywords metadata only,early-2026 YTD through 2026-05-27,0,0,Required paired query family. Count is conservative because only returned metadata was classified; full text was not retrieved.
2026-05-27T12:09:11-04:00,local exact index over harvested metadata,scenario plus BAU/default term,local-rcp8-dot-5-default-space-future-early-2026 YTD through 2026-05-27,scenario_variant_regex=(?<![A-Za-z0-9_-])RCP\s*8\.5(?![A-Za-z0-9_-]) AND context_regex=(?<![A-Za-z0-9_-])default\s+future(?![A-Za-z0-9_-]),deduped OpenAlex/Crossref records; title/abstract/keywords metadata only,early-2026 YTD through 2026-05-27,0,0,Required paired query family. Count is conservative because only returned metadata was classified; full text was not retrieved.
2026-05-27T12:09:11-04:00,local exact index over harvested metadata,scenario plus BAU/default term,local-rcp8-dot-5-likely-space-future-early-2026 YTD through 2026-05-27,scenario_variant_regex=(?<![A-Za-z0-9_-])RCP\s*8\.5(?![A-Za-z0-9_-]) AND context_regex=(?<![A-Za-z0-9_-])likely\s+future(?![A-Za-z0-9_-]),deduped OpenAlex/Crossref records; title/abstract/keywords metadata only,early-2026 YTD through 2026-05-27,1,1,Required paired query family. Count is conservative because only returned metadata was classified; full text was not retrieved.
2026-05-27T12:09:11-04:00,local exact index over harvested metadata,scenario variant,local-rcp-space-8-dot-5-early-2026 YTD through 2026-05-27,scenario_variant_regex=(?<![A-Za-z0-9_-])RCP\s+8\.5(?![A-Za-z0-9_-]),deduped OpenAlex/Crossref records; title/abstract/keywords metadata only,early-2026 YTD through 2026-05-27,649,649,This is the local exact scenario spelling count after source-database harvest and deduplication.
2026-05-27T12:09:11-04:00,local exact index over harvested metadata,scenario plus BAU/default term,local-rcp-space-8-dot-5-business-space-as-space-usual-early-2026 YTD through 2026-05-27,scenario_variant_regex=(?<![A-Za-z0-9_-])RCP\s+8\.5(?![A-Za-z0-9_-]) AND context_regex=(?<![A-Za-z0-9_-])business\s+as\s+usual(?![A-Za-z0-9_-]),deduped OpenAlex/Crossref records; title/abstract/keywords metadata only,early-2026 YTD through 2026-05-27,1,1,Required paired query family. Count is conservative because only returned metadata was classified; full text was not retrieved.
2026-05-27T12:09:11-04:00,local exact index over harvested metadata,scenario plus BAU/default term,local-rcp-space-8-dot-5-business-hyphen-as-hyphen-usual-early-2026 YTD through 2026-05-27,scenario_variant_regex=(?<![A-Za-z0-9_-])RCP\s+8\.5(?![A-Za-z0-9_-]) AND context_regex=(?<![A-Za-z0-9_-])business-as-usual(?![A-Za-z0-9_-]),deduped OpenAlex/Crossref records; title/abstract/keywords metadata only,early-2026 YTD through 2026-05-27,0,0,Required paired query family. Count is conservative because only returned metadata was classified; full text was not retrieved.
2026-05-27T12:09:11-04:00,local exact index over harvested metadata,scenario plus BAU/default term,local-rcp-space-8-dot-5-bau-early-2026 YTD through 2026-05-27,scenario_variant_regex=(?<![A-Za-z0-9_-])RCP\s+8\.5(?![A-Za-z0-9_-]) AND context_regex=(?<![A-Za-z0-9_-])BAU(?![A-Za-z0-9_-]),deduped OpenAlex/Crossref records; title/abstract/keywords metadata only,early-2026 YTD through 2026-05-27,0,0,Required paired query family. Count is conservative because only returned metadata was classified; full text was not retrieved.
2026-05-27T12:09:11-04:00,local exact index over harvested metadata,scenario plus BAU/default term,local-rcp-space-8-dot-5-baseline-early-2026 YTD through 2026-05-27,scenario_variant_regex=(?<![A-Za-z0-9_-])RCP\s+8\.5(?![A-Za-z0-9_-]) AND context_regex=(?<![A-Za-z0-9_-])baselines?(?![A-Za-z0-9_-]),deduped OpenAlex/Crossref records; title/abstract/keywords metadata only,early-2026 YTD through 2026-05-27,84,84,Required paired query family. Count is conservative because only returned metadata was classified; full text was not retrieved.
2026-05-27T12:09:11-04:00,local exact index over harvested metadata,scenario plus BAU/default term,local-rcp-space-8-dot-5-no-space-policy-early-2026 YTD through 2026-05-27,scenario_variant_regex=(?<![A-Za-z0-9_-])RCP\s+8\.5(?![A-Za-z0-9_-]) AND context_regex=(?<![A-Za-z0-9_-])no\s+policy(?![A-Za-z0-9_-]),deduped OpenAlex/Crossref records; title/abstract/keywords metadata only,early-2026 YTD through 2026-05-27,0,0,Required paired query family. Count is conservative because only returned metadata was classified; full text was not retrieved.
2026-05-27T12:09:11-04:00,local exact index over harvested metadata,scenario plus BAU/default term,local-rcp-space-8-dot-5-no-hyphen-policy-early-2026 YTD through 2026-05-27,scenario_variant_regex=(?<![A-Za-z0-9_-])RCP\s+8\.5(?![A-Za-z0-9_-]) AND context_regex=(?<![A-Za-z0-9_-])no-policy(?![A-Za-z0-9_-]),deduped OpenAlex/Crossref records; title/abstract/keywords metadata only,early-2026 YTD through 2026-05-27,0,0,Required paired query family. Count is conservative because only returned metadata was classified; full text was not retrieved.
2026-05-27T12:09:11-04:00,local exact index over harvested metadata,scenario plus BAU/default term,local-rcp-space-8-dot-5-no-space-additional-space-action-early-2026 YTD through 2026-05-27,scenario_variant_regex=(?<![A-Za-z0-9_-])RCP\s+8\.5(?![A-Za-z0-9_-]) AND context_regex=(?<![A-Za-z0-9_-])no\s+additional\s+action(?![A-Za-z0-9_-]),deduped OpenAlex/Crossref records; title/abstract/keywords metadata only,early-2026 YTD through 2026-05-27,0,0,Required paired query family. Count is conservative because only returned metadata was classified; full text was not retrieved.
2026-05-27T12:09:11-04:00,local exact index over harvested metadata,scenario plus BAU/default term,local-rcp-space-8-dot-5-current-space-policies-early-2026 YTD through 2026-05-27,scenario_variant_regex=(?<![A-Za-z0-9_-])RCP\s+8\.5(?![A-Za-z0-9_-]) AND context_regex=(?<![A-Za-z0-9_-])current\s+polic(?:y|ies)(?![A-Za-z0-9_-]),deduped OpenAlex/Crossref records; title/abstract/keywords metadata only,early-2026 YTD through 2026-05-27,0,0,Required paired query family. Count is conservative because only returned metadata was classified; full text was not retrieved.
2026-05-27T12:09:11-04:00,local exact index over harvested metadata,scenario plus BAU/default term,local-rcp-space-8-dot-5-default-space-future-early-2026 YTD through 2026-05-27,scenario_variant_regex=(?<![A-Za-z0-9_-])RCP\s+8\.5(?![A-Za-z0-9_-]) AND context_regex=(?<![A-Za-z0-9_-])default\s+future(?![A-Za-z0-9_-]),deduped OpenAlex/Crossref records; title/abstract/keywords metadata only,early-2026 YTD through 2026-05-27,0,0,Required paired query family. Count is conservative because only returned metadata was classified; full text was not retrieved.
2026-05-27T12:09:11-04:00,local exact index over harvested metadata,scenario plus BAU/default term,local-rcp-space-8-dot-5-likely-space-future-early-2026 YTD through 2026-05-27,scenario_variant_regex=(?<![A-Za-z0-9_-])RCP\s+8\.5(?![A-Za-z0-9_-]) AND context_regex=(?<![A-Za-z0-9_-])likely\s+future(?![A-Za-z0-9_-]),deduped OpenAlex/Crossref records; title/abstract/keywords metadata only,early-2026 YTD through 2026-05-27,0,0,Required paired query family. Count is conservative because only returned metadata was classified; full text was not retrieved.
2026-05-27T12:09:11-04:00,local exact index over harvested metadata,scenario variant,local-rcp85-early-2026 YTD through 2026-05-27,scenario_variant_regex=(?<![A-Za-z0-9_-])RCP85(?![A-Za-z0-9_-]),deduped OpenAlex/Crossref records; title/abstract/keywords metadata only,early-2026 YTD through 2026-05-27,16,16,This is the local exact scenario spelling count after source-database harvest and deduplication.
2026-05-27T12:09:11-04:00,local exact index over harvested metadata,scenario plus BAU/default term,local-rcp85-business-space-as-space-usual-early-2026 YTD through 2026-05-27,scenario_variant_regex=(?<![A-Za-z0-9_-])RCP85(?![A-Za-z0-9_-]) AND context_regex=(?<![A-Za-z0-9_-])business\s+as\s+usual(?![A-Za-z0-9_-]),deduped OpenAlex/Crossref records; title/abstract/keywords metadata only,early-2026 YTD through 2026-05-27,0,0,Required paired query family. Count is conservative because only returned metadata was classified; full text was not retrieved.
2026-05-27T12:09:11-04:00,local exact index over harvested metadata,scenario plus BAU/default term,local-rcp85-business-hyphen-as-hyphen-usual-early-2026 YTD through 2026-05-27,scenario_variant_regex=(?<![A-Za-z0-9_-])RCP85(?![A-Za-z0-9_-]) AND context_regex=(?<![A-Za-z0-9_-])business-as-usual(?![A-Za-z0-9_-]),deduped OpenAlex/Crossref records; title/abstract/keywords metadata only,early-2026 YTD through 2026-05-27,0,0,Required paired query family. Count is conservative because only returned metadata was classified; full text was not retrieved.
2026-05-27T12:09:11-04:00,local exact index over harvested metadata,scenario plus BAU/default term,local-rcp85-bau-early-2026 YTD through 2026-05-27,scenario_variant_regex=(?<![A-Za-z0-9_-])RCP85(?![A-Za-z0-9_-]) AND context_regex=(?<![A-Za-z0-9_-])BAU(?![A-Za-z0-9_-]),deduped OpenAlex/Crossref records; title/abstract/keywords metadata only,early-2026 YTD through 2026-05-27,0,0,Required paired query family. Count is conservative because only returned metadata was classified; full text was not retrieved.
2026-05-27T12:09:11-04:00,local exact index over harvested metadata,scenario plus BAU/default term,local-rcp85-baseline-early-2026 YTD through 2026-05-27,scenario_variant_regex=(?<![A-Za-z0-9_-])RCP85(?![A-Za-z0-9_-]) AND context_regex=(?<![A-Za-z0-9_-])baselines?(?![A-Za-z0-9_-]),deduped OpenAlex/Crossref records; title/abstract/keywords metadata only,early-2026 YTD through 2026-05-27,1,1,Required paired query family. Count is conservative because only returned metadata was classified; full text was not retrieved.
2026-05-27T12:09:11-04:00,local exact index over harvested metadata,scenario plus BAU/default term,local-rcp85-no-space-policy-early-2026 YTD through 2026-05-27,scenario_variant_regex=(?<![A-Za-z0-9_-])RCP85(?![A-Za-z0-9_-]) AND context_regex=(?<![A-Za-z0-9_-])no\s+policy(?![A-Za-z0-9_-]),deduped OpenAlex/Crossref records; title/abstract/keywords metadata only,early-2026 YTD through 2026-05-27,0,0,Required paired query family. Count is conservative because only returned metadata was classified; full text was not retrieved.
2026-05-27T12:09:11-04:00,local exact index over harvested metadata,scenario plus BAU/default term,local-rcp85-no-hyphen-policy-early-2026 YTD through 2026-05-27,scenario_variant_regex=(?<![A-Za-z0-9_-])RCP85(?![A-Za-z0-9_-]) AND context_regex=(?<![A-Za-z0-9_-])no-policy(?![A-Za-z0-9_-]),deduped OpenAlex/Crossref records; title/abstract/keywords metadata only,early-2026 YTD through 2026-05-27,0,0,Required paired query family. Count is conservative because only returned metadata was classified; full text was not retrieved.
2026-05-27T12:09:11-04:00,local exact index over harvested metadata,scenario plus BAU/default term,local-rcp85-no-space-additional-space-action-early-2026 YTD through 2026-05-27,scenario_variant_regex=(?<![A-Za-z0-9_-])RCP85(?![A-Za-z0-9_-]) AND context_regex=(?<![A-Za-z0-9_-])no\s+additional\s+action(?![A-Za-z0-9_-]),deduped OpenAlex/Crossref records; title/abstract/keywords metadata only,early-2026 YTD through 2026-05-27,0,0,Required paired query family. Count is conservative because only returned metadata was classified; full text was not retrieved.
2026-05-27T12:09:11-04:00,local exact index over harvested metadata,scenario plus BAU/default term,local-rcp85-current-space-policies-early-2026 YTD through 2026-05-27,scenario_variant_regex=(?<![A-Za-z0-9_-])RCP85(?![A-Za-z0-9_-]) AND context_regex=(?<![A-Za-z0-9_-])current\s+polic(?:y|ies)(?![A-Za-z0-9_-]),deduped OpenAlex/Crossref records; title/abstract/keywords metadata only,early-2026 YTD through 2026-05-27,0,0,Required paired query family. Count is conservative because only returned metadata was classified; full text was not retrieved.
2026-05-27T12:09:11-04:00,local exact index over harvested metadata,scenario plus BAU/default term,local-rcp85-default-space-future-early-2026 YTD through 2026-05-27,scenario_variant_regex=(?<![A-Za-z0-9_-])RCP85(?![A-Za-z0-9_-]) AND context_regex=(?<![A-Za-z0-9_-])default\s+future(?![A-Za-z0-9_-]),deduped OpenAlex/Crossref records; title/abstract/keywords metadata only,early-2026 YTD through 2026-05-27,0,0,Required paired query family. Count is conservative because only returned metadata was classified; full text was not retrieved.
2026-05-27T12:09:11-04:00,local exact index over harvested metadata,scenario plus BAU/default term,local-rcp85-likely-space-future-early-2026 YTD through 2026-05-27,scenario_variant_regex=(?<![A-Za-z0-9_-])RCP85(?![A-Za-z0-9_-]) AND context_regex=(?<![A-Za-z0-9_-])likely\s+future(?![A-Za-z0-9_-]),deduped OpenAlex/Crossref records; title/abstract/keywords metadata only,early-2026 YTD through 2026-05-27,0,0,Required paired query family. Count is conservative because only returned metadata was classified; full text was not retrieved.
2026-05-27T12:09:11-04:00,local exact index over harvested metadata,scenario variant,local-rcp-hyphen-8-dot-5-early-2026 YTD through 2026-05-27,scenario_variant_regex=(?<![A-Za-z0-9_-])RCP\s*-\s*8\.5(?![A-Za-z0-9_-]),deduped OpenAlex/Crossref records; title/abstract/keywords metadata only,early-2026 YTD through 2026-05-27,515,515,This is the local exact scenario spelling count after source-database harvest and deduplication.
2026-05-27T12:09:11-04:00,local exact index over harvested metadata,scenario plus BAU/default term,local-rcp-hyphen-8-dot-5-business-space-as-space-usual-early-2026 YTD through 2026-05-27,scenario_variant_regex=(?<![A-Za-z0-9_-])RCP\s*-\s*8\.5(?![A-Za-z0-9_-]) AND context_regex=(?<![A-Za-z0-9_-])business\s+as\s+usual(?![A-Za-z0-9_-]),deduped OpenAlex/Crossref records; title/abstract/keywords metadata only,early-2026 YTD through 2026-05-27,1,1,Required paired query family. Count is conservative because only returned metadata was classified; full text was not retrieved.
2026-05-27T12:09:11-04:00,local exact index over harvested metadata,scenario plus BAU/default term,local-rcp-hyphen-8-dot-5-business-hyphen-as-hyphen-usual-early-2026 YTD through 2026-05-27,scenario_variant_regex=(?<![A-Za-z0-9_-])RCP\s*-\s*8\.5(?![A-Za-z0-9_-]) AND context_regex=(?<![A-Za-z0-9_-])business-as-usual(?![A-Za-z0-9_-]),deduped OpenAlex/Crossref records; title/abstract/keywords metadata only,early-2026 YTD through 2026-05-27,0,0,Required paired query family. Count is conservative because only returned metadata was classified; full text was not retrieved.
2026-05-27T12:09:11-04:00,local exact index over harvested metadata,scenario plus BAU/default term,local-rcp-hyphen-8-dot-5-bau-early-2026 YTD through 2026-05-27,scenario_variant_regex=(?<![A-Za-z0-9_-])RCP\s*-\s*8\.5(?![A-Za-z0-9_-]) AND context_regex=(?<![A-Za-z0-9_-])BAU(?![A-Za-z0-9_-]),deduped OpenAlex/Crossref records; title/abstract/keywords metadata only,early-2026 YTD through 2026-05-27,0,0,Required paired query family. Count is conservative because only returned metadata was classified; full text was not retrieved.
2026-05-27T12:09:11-04:00,local exact index over harvested metadata,scenario plus BAU/default term,local-rcp-hyphen-8-dot-5-baseline-early-2026 YTD through 2026-05-27,scenario_variant_regex=(?<![A-Za-z0-9_-])RCP\s*-\s*8\.5(?![A-Za-z0-9_-]) AND context_regex=(?<![A-Za-z0-9_-])baselines?(?![A-Za-z0-9_-]),deduped OpenAlex/Crossref records; title/abstract/keywords metadata only,early-2026 YTD through 2026-05-27,54,54,Required paired query family. Count is conservative because only returned metadata was classified; full text was not retrieved.
2026-05-27T12:09:11-04:00,local exact index over harvested metadata,scenario plus BAU/default term,local-rcp-hyphen-8-dot-5-no-space-policy-early-2026 YTD through 2026-05-27,scenario_variant_regex=(?<![A-Za-z0-9_-])RCP\s*-\s*8\.5(?![A-Za-z0-9_-]) AND context_regex=(?<![A-Za-z0-9_-])no\s+policy(?![A-Za-z0-9_-]),deduped OpenAlex/Crossref records; title/abstract/keywords metadata only,early-2026 YTD through 2026-05-27,0,0,Required paired query family. Count is conservative because only returned metadata was classified; full text was not retrieved.
2026-05-27T12:09:11-04:00,local exact index over harvested metadata,scenario plus BAU/default term,local-rcp-hyphen-8-dot-5-no-hyphen-policy-early-2026 YTD through 2026-05-27,scenario_variant_regex=(?<![A-Za-z0-9_-])RCP\s*-\s*8\.5(?![A-Za-z0-9_-]) AND context_regex=(?<![A-Za-z0-9_-])no-policy(?![A-Za-z0-9_-]),deduped OpenAlex/Crossref records; title/abstract/keywords metadata only,early-2026 YTD through 2026-05-27,0,0,Required paired query family. Count is conservative because only returned metadata was classified; full text was not retrieved.
2026-05-27T12:09:11-04:00,local exact index over harvested metadata,scenario plus BAU/default term,local-rcp-hyphen-8-dot-5-no-space-additional-space-action-early-2026 YTD through 2026-05-27,scenario_variant_regex=(?<![A-Za-z0-9_-])RCP\s*-\s*8\.5(?![A-Za-z0-9_-]) AND context_regex=(?<![A-Za-z0-9_-])no\s+additional\s+action(?![A-Za-z0-9_-]),deduped OpenAlex/Crossref records; title/abstract/keywords metadata only,early-2026 YTD through 2026-05-27,0,0,Required paired query family. Count is conservative because only returned metadata was classified; full text was not retrieved.
2026-05-27T12:09:11-04:00,local exact index over harvested metadata,scenario plus BAU/default term,local-rcp-hyphen-8-dot-5-current-space-policies-early-2026 YTD through 2026-05-27,scenario_variant_regex=(?<![A-Za-z0-9_-])RCP\s*-\s*8\.5(?![A-Za-z0-9_-]) AND context_regex=(?<![A-Za-z0-9_-])current\s+polic(?:y|ies)(?![A-Za-z0-9_-]),deduped OpenAlex/Crossref records; title/abstract/keywords metadata only,early-2026 YTD through 2026-05-27,0,0,Required paired query family. Count is conservative because only returned metadata was classified; full text was not retrieved.
2026-05-27T12:09:11-04:00,local exact index over harvested metadata,scenario plus BAU/default term,local-rcp-hyphen-8-dot-5-default-space-future-early-2026 YTD through 2026-05-27,scenario_variant_regex=(?<![A-Za-z0-9_-])RCP\s*-\s*8\.5(?![A-Za-z0-9_-]) AND context_regex=(?<![A-Za-z0-9_-])default\s+future(?![A-Za-z0-9_-]),deduped OpenAlex/Crossref records; title/abstract/keywords metadata only,early-2026 YTD through 2026-05-27,0,0,Required paired query family. Count is conservative because only returned metadata was classified; full text was not retrieved.
2026-05-27T12:09:11-04:00,local exact index over harvested metadata,scenario plus BAU/default term,local-rcp-hyphen-8-dot-5-likely-space-future-early-2026 YTD through 2026-05-27,scenario_variant_regex=(?<![A-Za-z0-9_-])RCP\s*-\s*8\.5(?![A-Za-z0-9_-]) AND context_regex=(?<![A-Za-z0-9_-])likely\s+future(?![A-Za-z0-9_-]),deduped OpenAlex/Crossref records; title/abstract/keywords metadata only,early-2026 YTD through 2026-05-27,0,0,Required paired query family. Count is conservative because only returned metadata was classified; full text was not retrieved.
2026-05-27T12:09:11-04:00,local exact index over harvested metadata,scenario variant,local-ssp5-hyphen-8-dot-5-early-2026 YTD through 2026-05-27,scenario_variant_regex=(?<![A-Za-z0-9_-])SSP\s*5\s*-\s*8\.5(?![A-Za-z0-9_-]),deduped OpenAlex/Crossref records; title/abstract/keywords metadata only,early-2026 YTD through 2026-05-27,1397,1397,This is the local exact scenario spelling count after source-database harvest and deduplication.
2026-05-27T12:09:11-04:00,local exact index over harvested metadata,scenario plus BAU/default term,local-ssp5-hyphen-8-dot-5-business-space-as-space-usual-early-2026 YTD through 2026-05-27,scenario_variant_regex=(?<![A-Za-z0-9_-])SSP\s*5\s*-\s*8\.5(?![A-Za-z0-9_-]) AND context_regex=(?<![A-Za-z0-9_-])business\s+as\s+usual(?![A-Za-z0-9_-]),deduped OpenAlex/Crossref records; title/abstract/keywords metadata only,early-2026 YTD through 2026-05-27,2,2,Required paired query family. Count is conservative because only returned metadata was classified; full text was not retrieved.
2026-05-27T12:09:11-04:00,local exact index over harvested metadata,scenario plus BAU/default term,local-ssp5-hyphen-8-dot-5-business-hyphen-as-hyphen-usual-early-2026 YTD through 2026-05-27,scenario_variant_regex=(?<![A-Za-z0-9_-])SSP\s*5\s*-\s*8\.5(?![A-Za-z0-9_-]) AND context_regex=(?<![A-Za-z0-9_-])business-as-usual(?![A-Za-z0-9_-]),deduped OpenAlex/Crossref records; title/abstract/keywords metadata only,early-2026 YTD through 2026-05-27,3,3,Required paired query family. Count is conservative because only returned metadata was classified; full text was not retrieved.
2026-05-27T12:09:11-04:00,local exact index over harvested metadata,scenario plus BAU/default term,local-ssp5-hyphen-8-dot-5-bau-early-2026 YTD through 2026-05-27,scenario_variant_regex=(?<![A-Za-z0-9_-])SSP\s*5\s*-\s*8\.5(?![A-Za-z0-9_-]) AND context_regex=(?<![A-Za-z0-9_-])BAU(?![A-Za-z0-9_-]),deduped OpenAlex/Crossref records; title/abstract/keywords metadata only,early-2026 YTD through 2026-05-27,1,1,Required paired query family. Count is conservative because only returned metadata was classified; full text was not retrieved.
2026-05-27T12:09:11-04:00,local exact index over harvested metadata,scenario plus BAU/default term,local-ssp5-hyphen-8-dot-5-baseline-early-2026 YTD through 2026-05-27,scenario_variant_regex=(?<![A-Za-z0-9_-])SSP\s*5\s*-\s*8\.5(?![A-Za-z0-9_-]) AND context_regex=(?<![A-Za-z0-9_-])baselines?(?![A-Za-z0-9_-]),deduped OpenAlex/Crossref records; title/abstract/keywords metadata only,early-2026 YTD through 2026-05-27,185,185,Required paired query family. Count is conservative because only returned metadata was classified; full text was not retrieved.
2026-05-27T12:09:11-04:00,local exact index over harvested metadata,scenario plus BAU/default term,local-ssp5-hyphen-8-dot-5-no-space-policy-early-2026 YTD through 2026-05-27,scenario_variant_regex=(?<![A-Za-z0-9_-])SSP\s*5\s*-\s*8\.5(?![A-Za-z0-9_-]) AND context_regex=(?<![A-Za-z0-9_-])no\s+policy(?![A-Za-z0-9_-]),deduped OpenAlex/Crossref records; title/abstract/keywords metadata only,early-2026 YTD through 2026-05-27,0,0,Required paired query family. Count is conservative because only returned metadata was classified; full text was not retrieved.
2026-05-27T12:09:11-04:00,local exact index over harvested metadata,scenario plus BAU/default term,local-ssp5-hyphen-8-dot-5-no-hyphen-policy-early-2026 YTD through 2026-05-27,scenario_variant_regex=(?<![A-Za-z0-9_-])SSP\s*5\s*-\s*8\.5(?![A-Za-z0-9_-]) AND context_regex=(?<![A-Za-z0-9_-])no-policy(?![A-Za-z0-9_-]),deduped OpenAlex/Crossref records; title/abstract/keywords metadata only,early-2026 YTD through 2026-05-27,0,0,Required paired query family. Count is conservative because only returned metadata was classified; full text was not retrieved.
2026-05-27T12:09:11-04:00,local exact index over harvested metadata,scenario plus BAU/default term,local-ssp5-hyphen-8-dot-5-no-space-additional-space-action-early-2026 YTD through 2026-05-27,scenario_variant_regex=(?<![A-Za-z0-9_-])SSP\s*5\s*-\s*8\.5(?![A-Za-z0-9_-]) AND context_regex=(?<![A-Za-z0-9_-])no\s+additional\s+action(?![A-Za-z0-9_-]),deduped OpenAlex/Crossref records; title/abstract/keywords metadata only,early-2026 YTD through 2026-05-27,0,0,Required paired query family. Count is conservative because only returned metadata was classified; full text was not retrieved.
2026-05-27T12:09:11-04:00,local exact index over harvested metadata,scenario plus BAU/default term,local-ssp5-hyphen-8-dot-5-current-space-policies-early-2026 YTD through 2026-05-27,scenario_variant_regex=(?<![A-Za-z0-9_-])SSP\s*5\s*-\s*8\.5(?![A-Za-z0-9_-]) AND context_regex=(?<![A-Za-z0-9_-])current\s+polic(?:y|ies)(?![A-Za-z0-9_-]),deduped OpenAlex/Crossref records; title/abstract/keywords metadata only,early-2026 YTD through 2026-05-27,1,1,Required paired query family. Count is conservative because only returned metadata was classified; full text was not retrieved.
2026-05-27T12:09:11-04:00,local exact index over harvested metadata,scenario plus BAU/default term,local-ssp5-hyphen-8-dot-5-default-space-future-early-2026 YTD through 2026-05-27,scenario_variant_regex=(?<![A-Za-z0-9_-])SSP\s*5\s*-\s*8\.5(?![A-Za-z0-9_-]) AND context_regex=(?<![A-Za-z0-9_-])default\s+future(?![A-Za-z0-9_-]),deduped OpenAlex/Crossref records; title/abstract/keywords metadata only,early-2026 YTD through 2026-05-27,0,0,Required paired query family. Count is conservative because only returned metadata was classified; full text was not retrieved.
2026-05-27T12:09:11-04:00,local exact index over harvested metadata,scenario plus BAU/default term,local-ssp5-hyphen-8-dot-5-likely-space-future-early-2026 YTD through 2026-05-27,scenario_variant_regex=(?<![A-Za-z0-9_-])SSP\s*5\s*-\s*8\.5(?![A-Za-z0-9_-]) AND context_regex=(?<![A-Za-z0-9_-])likely\s+future(?![A-Za-z0-9_-]),deduped OpenAlex/Crossref records; title/abstract/keywords metadata only,early-2026 YTD through 2026-05-27,1,1,Required paired query family. Count is conservative because only returned metadata was classified; full text was not retrieved.
2026-05-27T12:09:11-04:00,local exact index over harvested metadata,scenario variant,local-ssp585-early-2026 YTD through 2026-05-27,scenario_variant_regex=(?<![A-Za-z0-9_-])SSP585(?![A-Za-z0-9_-]),deduped OpenAlex/Crossref records; title/abstract/keywords metadata only,early-2026 YTD through 2026-05-27,474,474,This is the local exact scenario spelling count after source-database harvest and deduplication.
2026-05-27T12:09:11-04:00,local exact index over harvested metadata,scenario plus BAU/default term,local-ssp585-business-space-as-space-usual-early-2026 YTD through 2026-05-27,scenario_variant_regex=(?<![A-Za-z0-9_-])SSP585(?![A-Za-z0-9_-]) AND context_regex=(?<![A-Za-z0-9_-])business\s+as\s+usual(?![A-Za-z0-9_-]),deduped OpenAlex/Crossref records; title/abstract/keywords metadata only,early-2026 YTD through 2026-05-27,0,0,Required paired query family. Count is conservative because only returned metadata was classified; full text was not retrieved.
2026-05-27T12:09:11-04:00,local exact index over harvested metadata,scenario plus BAU/default term,local-ssp585-business-hyphen-as-hyphen-usual-early-2026 YTD through 2026-05-27,scenario_variant_regex=(?<![A-Za-z0-9_-])SSP585(?![A-Za-z0-9_-]) AND context_regex=(?<![A-Za-z0-9_-])business-as-usual(?![A-Za-z0-9_-]),deduped OpenAlex/Crossref records; title/abstract/keywords metadata only,early-2026 YTD through 2026-05-27,1,1,Required paired query family. Count is conservative because only returned metadata was classified; full text was not retrieved.
2026-05-27T12:09:11-04:00,local exact index over harvested metadata,scenario plus BAU/default term,local-ssp585-bau-early-2026 YTD through 2026-05-27,scenario_variant_regex=(?<![A-Za-z0-9_-])SSP585(?![A-Za-z0-9_-]) AND context_regex=(?<![A-Za-z0-9_-])BAU(?![A-Za-z0-9_-]),deduped OpenAlex/Crossref records; title/abstract/keywords metadata only,early-2026 YTD through 2026-05-27,2,2,Required paired query family. Count is conservative because only returned metadata was classified; full text was not retrieved.
2026-05-27T12:09:11-04:00,local exact index over harvested metadata,scenario plus BAU/default term,local-ssp585-baseline-early-2026 YTD through 2026-05-27,scenario_variant_regex=(?<![A-Za-z0-9_-])SSP585(?![A-Za-z0-9_-]) AND context_regex=(?<![A-Za-z0-9_-])baselines?(?![A-Za-z0-9_-]),deduped OpenAlex/Crossref records; title/abstract/keywords metadata only,early-2026 YTD through 2026-05-27,62,62,Required paired query family. Count is conservative because only returned metadata was classified; full text was not retrieved.
2026-05-27T12:09:11-04:00,local exact index over harvested metadata,scenario plus BAU/default term,local-ssp585-no-space-policy-early-2026 YTD through 2026-05-27,scenario_variant_regex=(?<![A-Za-z0-9_-])SSP585(?![A-Za-z0-9_-]) AND context_regex=(?<![A-Za-z0-9_-])no\s+policy(?![A-Za-z0-9_-]),deduped OpenAlex/Crossref records; title/abstract/keywords metadata only,early-2026 YTD through 2026-05-27,0,0,Required paired query family. Count is conservative because only returned metadata was classified; full text was not retrieved.
2026-05-27T12:09:11-04:00,local exact index over harvested metadata,scenario plus BAU/default term,local-ssp585-no-hyphen-policy-early-2026 YTD through 2026-05-27,scenario_variant_regex=(?<![A-Za-z0-9_-])SSP585(?![A-Za-z0-9_-]) AND context_regex=(?<![A-Za-z0-9_-])no-policy(?![A-Za-z0-9_-]),deduped OpenAlex/Crossref records; title/abstract/keywords metadata only,early-2026 YTD through 2026-05-27,0,0,Required paired query family. Count is conservative because only returned metadata was classified; full text was not retrieved.
2026-05-27T12:09:11-04:00,local exact index over harvested metadata,scenario plus BAU/default term,local-ssp585-no-space-additional-space-action-early-2026 YTD through 2026-05-27,scenario_variant_regex=(?<![A-Za-z0-9_-])SSP585(?![A-Za-z0-9_-]) AND context_regex=(?<![A-Za-z0-9_-])no\s+additional\s+action(?![A-Za-z0-9_-]),deduped OpenAlex/Crossref records; title/abstract/keywords metadata only,early-2026 YTD through 2026-05-27,0,0,Required paired query family. Count is conservative because only returned metadata was classified; full text was not retrieved.
2026-05-27T12:09:11-04:00,local exact index over harvested metadata,scenario plus BAU/default term,local-ssp585-current-space-policies-early-2026 YTD through 2026-05-27,scenario_variant_regex=(?<![A-Za-z0-9_-])SSP585(?![A-Za-z0-9_-]) AND context_regex=(?<![A-Za-z0-9_-])current\s+polic(?:y|ies)(?![A-Za-z0-9_-]),deduped OpenAlex/Crossref records; title/abstract/keywords metadata only,early-2026 YTD through 2026-05-27,1,1,Required paired query family. Count is conservative because only returned metadata was classified; full text was not retrieved.
2026-05-27T12:09:11-04:00,local exact index over harvested metadata,scenario plus BAU/default term,local-ssp585-default-space-future-early-2026 YTD through 2026-05-27,scenario_variant_regex=(?<![A-Za-z0-9_-])SSP585(?![A-Za-z0-9_-]) AND context_regex=(?<![A-Za-z0-9_-])default\s+future(?![A-Za-z0-9_-]),deduped OpenAlex/Crossref records; title/abstract/keywords metadata only,early-2026 YTD through 2026-05-27,0,0,Required paired query family. Count is conservative because only returned metadata was classified; full text was not retrieved.
2026-05-27T12:09:11-04:00,local exact index over harvested metadata,scenario plus BAU/default term,local-ssp585-likely-space-future-early-2026 YTD through 2026-05-27,scenario_variant_regex=(?<![A-Za-z0-9_-])SSP585(?![A-Za-z0-9_-]) AND context_regex=(?<![A-Za-z0-9_-])likely\s+future(?![A-Za-z0-9_-]),deduped OpenAlex/Crossref records; title/abstract/keywords metadata only,early-2026 YTD through 2026-05-27,0,0,Required paired query family. Count is conservative because only returned metadata was classified; full text was not retrieved.
